{
    "id": 1,
    "projectName": "apache@zeppelin",
    "originalCommitID": "b62c6078d1d6dee30f9e35e10bf7e6d0f1e1ffc5",
    "refactoredCommitID": "7bea72d71a062afd4aab48e6bc1669bfbb9de04b",
    "originalFilePath": "zeppelin-zengine/src/main/java/org/apache/zeppelin/plugin/PluginManager.java",
    "refactoredFilePath": "zeppelin-zengine/src/main/java/org/apache/zeppelin/plugin/PluginManager.java",
    "originalName": "getOldNotebookRepoClassName(notebookRepoClassName)",
    "refactoredName": "oldNotebookRepoClassName",
    "type": "String",
    "originalPositionList": [
        {
            "charLength": -1,
            "startLineNumber": 102,
            "startColumnNumber": 5,
            "endLineNumber": 102,
            "endColumnNumber": 77
        }
    ],
    "refactoredPositionList": [
        {
            "charLength": -1,
            "startLineNumber": 102,
            "startColumnNumber": 12,
            "endLineNumber": 102,
            "endColumnNumber": 89
        },
        {
            "charLength": -1,
            "startLineNumber": 103,
            "startColumnNumber": 5,
            "endLineNumber": 103,
            "endColumnNumber": 80
        }
    ],
    "Description": "get类型",
    "refactoredURL": "https://github.com/apache/zeppelin/blob/7bea72d71a062afd4aab48e6bc1669bfbb9de04b/zeppelin-zengine/src/main/java/org/apache/zeppelin/plugin/PluginManager.java"
}