{
    "id": 1,
    "projectName": "apache@zookeeper",
    "originalCommitID": "4447e6dfa786f918b7e89754b10c70509fccae46",
    "refactoredCommitID": "c5d28b03b72253f2ca6d9142a17487b253317ec6",
    "originalFilePath": "src/java/main/org/apache/zookeeper/server/ConnectionBean.java",
    "refactoredFilePath": "src/java/main/org/apache/zookeeper/server/ConnectionBean.java",
    "originalName": "connection.getRemoteAddress()",
    "refactoredName": "sockAddr",
    "type": "InetSocketAddress",
    "originalPositionList": [
        {
            "charLength": -1,
            "startLineNumber": 49,
            "startColumnNumber": 9,
            "endLineNumber": 50,
            "endColumnNumber": 57
        }
    ],
    "refactoredPositionList": [
        {
            "charLength": -1,
            "startLineNumber": 53,
            "startColumnNumber": 27,
            "endLineNumber": 53,
            "endColumnNumber": 67
        },
        {
            "charLength": -1,
            "startLineNumber": 54,
            "startColumnNumber": 9,
            "endLineNumber": 55,
            "endColumnNumber": 40
        }
    ],
    "Description": "get sockAddr.getAddress().getHostAddress() 和 sockAddr.getAddress().getHostAddress()",
    "refactoredURL": "https://github.com/apache/zookeeper/blob/c5d28b03b72253f2ca6d9142a17487b253317ec6/src/java/main/org/apache/zookeeper/server/ConnectionBean.java"
}