{
    "id": 1,
    "projectName": "keycloak@keycloak",
    "originalCommitID": "7555063ed9e745d5a7ba1ec3fb9b8bae299e996f",
    "refactoredCommitID": "aacae9b9acb0fbedc49d4f88c9fbd7aa11922dce",
    "originalFilePath": "services/src/main/java/org/keycloak/protocol/oidc/FrontChannelLogoutHandler.java",
    "refactoredFilePath": "services/src/main/java/org/keycloak/protocol/oidc/FrontChannelLogoutHandler.java",
    "originalName": "OIDCAdvancedConfigWrapper.fromClientModel(client)",
    "refactoredName": "config",
    "type": "OIDCAdvancedConfigWrapper",
    "originalPositionList": [
        {
            "charLength": -1,
            "startLineNumber": 75,
            "startColumnNumber": 9,
            "endLineNumber": 75,
            "endColumnNumber": 117
        }
    ],
    "refactoredPositionList": [
        {
            "charLength": -1,
            "startLineNumber": 75,
            "startColumnNumber": 35,
            "endLineNumber": 75,
            "endColumnNumber": 93
        },
        {
            "charLength": -1,
            "startLineNumber": 76,
            "startColumnNumber": 9,
            "endLineNumber": 76,
            "endColumnNumber": 74
        }
    ],
    "Description": "静态方法返回的一个对象，应该是一个映射，可能是一个单例？",
    "refactoredURL": "https://github.com/keycloak/keycloak/blob/aacae9b9acb0fbedc49d4f88c9fbd7aa11922dce/services/src/main/java/org/keycloak/protocol/oidc/FrontChannelLogoutHandler.java"
}