{
    "id": 1,
    "projectName": "knowm@XChange",
    "originalCommitID": "913ee7d080ea2fb15746783db5883bb647a8c948",
    "refactoredCommitID": "8bdd4803a3f8dafc62c01bf8a5a5990114896852",
    "originalFilePath": "xchange-okex/src/main/java/org/knowm/xchange/okex/v5/service/OkexTradeService.java",
    "refactoredFilePath": "xchange-okex/src/main/java/org/knowm/xchange/okex/v5/service/OkexTradeService.java",
    "originalName": "null",
    "refactoredName": "result",
    "type": "Order",
    "originalPositionList": [
        {
            "charLength": -1,
            "startLineNumber": 44,
            "startColumnNumber": 7,
            "endLineNumber": 44,
            "endColumnNumber": 19
        }
    ],
    "refactoredPositionList": [
        {
            "charLength": -1,
            "startLineNumber": 42,
            "startColumnNumber": 11,
            "endLineNumber": 42,
            "endColumnNumber": 24
        },
        {
            "charLength": -1,
            "startLineNumber": 57,
            "startColumnNumber": 5,
            "endLineNumber": 57,
            "endColumnNumber": 19
        }
    ],
    "Description": "不是重构，赋值",
    "refactoredURL": "https://github.com/knowm/XChange/blob/8bdd4803a3f8dafc62c01bf8a5a5990114896852/xchange-okex/src/main/java/org/knowm/xchange/okex/v5/service/OkexTradeService.java"
}