{
    "id": 1,
    "projectName": "laobie@StatusBarUtil",
    "originalCommitID": "69e988d56e31797610928a30de6a48648e93e885",
    "refactoredCommitID": "0e7c59a0f098cc4164d4f93487caadeb64057be9",
    "originalFilePath": "library/src/main/java/com/jaeger/library/StatusBarUtil.java",
    "refactoredFilePath": "library/src/main/java/com/jaeger/library/StatusBarUtil.java",
    "originalName": "getStatusBarHeight(activity)",
    "refactoredName": "statusBarHeight",
    "type": "int",
    "originalPositionList": [
        {
            "charLength": -1,
            "startLineNumber": 88,
            "startColumnNumber": 21,
            "endLineNumber": 88,
            "endColumnNumber": 83
        },
        {
            "charLength": -1,
            "startLineNumber": 94,
            "startColumnNumber": 17,
            "endLineNumber": 94,
            "endColumnNumber": 79
        }
    ],
    "refactoredPositionList": [
        {
            "charLength": -1,
            "startLineNumber": 85,
            "startColumnNumber": 17,
            "endLineNumber": 85,
            "endColumnNumber": 63
        },
        {
            "charLength": -1,
            "startLineNumber": 93,
            "startColumnNumber": 25,
            "endLineNumber": 93,
            "endColumnNumber": 74
        },
        {
            "charLength": -1,
            "startLineNumber": 105,
            "startColumnNumber": 17,
            "endLineNumber": 105,
            "endColumnNumber": 66
        }
    ],
    "Description": "get类型",
    "refactoredURL": "https://github.com/laobie/StatusBarUtil/blob/0e7c59a0f098cc4164d4f93487caadeb64057be9/library/src/main/java/com/jaeger/library/StatusBarUtil.java"
}