{
    "id": 1,
    "projectName": "lbryio@lbry-android",
    "originalCommitID": "dcc91f75cc5dda1c46a754cbcb3f78409b641a08",
    "refactoredCommitID": "85ed2da5182609fb092bb5a1bde247520e904801",
    "originalFilePath": "app/src/main/java/io/lbry/browser/dialog/RepostClaimDialogFragment.java",
    "refactoredFilePath": "app/src/main/java/io/lbry/browser/dialog/RepostClaimDialogFragment.java",
    "originalName": "getView()",
    "refactoredName": "view",
    "type": "View",
    "originalPositionList": [
        {
            "charLength": -1,
            "startLineNumber": 259,
            "startColumnNumber": 9,
            "endLineNumber": 262,
            "endColumnNumber": 24
        }
    ],
    "refactoredPositionList": [
        {
            "charLength": -1,
            "startLineNumber": 264,
            "startColumnNumber": 14,
            "endLineNumber": 264,
            "endColumnNumber": 30
        },
        {
            "charLength": -1,
            "startLineNumber": 266,
            "startColumnNumber": 13,
            "endLineNumber": 269,
            "endColumnNumber": 28
        }
    ],
    "Description": "get 多次 复杂行",
    "refactoredURL": "https://github.com/lbryio/lbry-android/blob/85ed2da5182609fb092bb5a1bde247520e904801/app/src/main/java/io/lbry/browser/dialog/RepostClaimDialogFragment.java"
}