{
    "id": 1,
    "projectName": "libgdx@libgdx",
    "originalCommitID": "24d8c3c43c8fc2caead3b8b742964061af25a321",
    "refactoredCommitID": "3485b16e8979c0141421bc80cb8831b7a0403f67",
    "originalFilePath": "backends/gdx-backend-lwjgl/src/com/badlogic/gdx/backends/lwjgl/LwjglGraphics.java",
    "refactoredFilePath": "backends/gdx-backend-lwjgl/src/com/badlogic/gdx/backends/lwjgl/LwjglGraphics.java",
    "originalName": "getWidth() == width && getHeight() == height && !Display.isFullscreen()",
    "refactoredName": "displaySizeUnchanged",
    "type": "boolean",
    "originalPositionList": [
        {
            "charLength": -1,
            "startLineNumber": 503,
            "startColumnNumber": 7,
            "endLineNumber": 503,
            "endColumnNumber": 78
        },
        {
            "charLength": -1,
            "startLineNumber": 503,
            "startColumnNumber": 3,
            "endLineNumber": 505,
            "endColumnNumber": 4
        }
    ],
    "refactoredPositionList": [
        {
            "charLength": -1,
            "startLineNumber": 506,
            "startColumnNumber": 3,
            "endLineNumber": 506,
            "endColumnNumber": 106
        },
        {
            "charLength": -1,
            "startLineNumber": 506,
            "startColumnNumber": 11,
            "endLineNumber": 506,
            "endColumnNumber": 105
        },
        {
            "charLength": -1,
            "startLineNumber": 507,
            "startColumnNumber": 3,
            "endLineNumber": 509,
            "endColumnNumber": 4
        }
    ],
    "Description": "行长度? 逻辑上独立",
    "refactoredURL": "https://github.com/libgdx/libgdx/blob/3485b16e8979c0141421bc80cb8831b7a0403f67/backends/gdx-backend-lwjgl/src/com/badlogic/gdx/backends/lwjgl/LwjglGraphics.java"
}