{
    "id": 1,
    "projectName": "meefik@linuxdeploy",
    "originalCommitID": "555849945e6407717d49e0c4f659a20d3cd04744",
    "refactoredCommitID": "005df3e4f22a1746d7370761669da5f6ebf9c11a",
    "originalFilePath": "src/ru/meefik/linuxdeploy/PropertiesActivity.java",
    "refactoredFilePath": "src/ru/meefik/linuxdeploy/PropertiesActivity.java",
    "originalName": "getString(suiteId)",
    "refactoredName": "suiteStr",
    "type": "String",
    "originalPositionList": [
        {
            "charLength": -1,
            "startLineNumber": 303,
            "startColumnNumber": 7,
            "endLineNumber": 303,
            "endColumnNumber": 42
        }
    ],
    "refactoredPositionList": [
        {
            "charLength": -1,
            "startLineNumber": 301,
            "startColumnNumber": 14,
            "endLineNumber": 301,
            "endColumnNumber": 43
        },
        {
            "charLength": -1,
            "startLineNumber": 302,
            "startColumnNumber": 34,
            "endLineNumber": 302,
            "endColumnNumber": 59
        }
    ],
    "Description": "get 方法",
    "refactoredURL": "https://github.com/meefik/linuxdeploy/blob/005df3e4f22a1746d7370761669da5f6ebf9c11a/src/ru/meefik/linuxdeploy/PropertiesActivity.java"
}