{
    "id": 1,
    "projectName": "microg@GmsCore",
    "originalCommitID": "bb68674cae4522b40771e971474ca91ba8b65e02",
    "refactoredCommitID": "2ba2c04cc0b1b1cacc927942d85f49f40d78f8bb",
    "originalFilePath": "play-services-core/src/main/java/org/microg/gms/gcm/McsService.java",
    "refactoredFilePath": "play-services-core/src/main/java/org/microg/gms/gcm/McsService.java",
    "originalName": "cm.getActiveNetworkInfo()",
    "refactoredName": "activeNetworkInfo",
    "type": "NetworkInfo",
    "originalPositionList": [
        {
            "charLength": -1,
            "startLineNumber": 439,
            "startColumnNumber": 13,
            "endLineNumber": 439,
            "endColumnNumber": 101
        },
        {
            "charLength": -1,
            "startLineNumber": 440,
            "startColumnNumber": 13,
            "endLineNumber": 443,
            "endColumnNumber": 14
        }
    ],
    "refactoredPositionList": [
        {
            "charLength": -1,
            "startLineNumber": 441,
            "startColumnNumber": 25,
            "endLineNumber": 441,
            "endColumnNumber": 70
        },
        {
            "charLength": -1,
            "startLineNumber": 442,
            "startColumnNumber": 13,
            "endLineNumber": 442,
            "endColumnNumber": 93
        },
        {
            "charLength": -1,
            "startLineNumber": 443,
            "startColumnNumber": 13,
            "endLineNumber": 447,
            "endColumnNumber": 14
        }
    ],
    "Description": "get 所在行长度",
    "refactoredURL": "https://github.com/microg/GmsCore/blob/2ba2c04cc0b1b1cacc927942d85f49f40d78f8bb/play-services-core/src/main/java/org/microg/gms/gcm/McsService.java"
}