{
    "id": 1,
    "projectName": "micronaut-projects@micronaut-core",
    "originalCommitID": "c55b9e688b0c24309fc2373a4505536743eed912",
    "refactoredCommitID": "2bffcd29ffbca0befc43653ef3bfa3997b2585e0",
    "originalFilePath": "http-server-netty/src/main/java/io/micronaut/http/server/netty/DefaultHttpContentProcessorResolver.java",
    "refactoredFilePath": "http-server-netty/src/main/java/io/micronaut/http/server/netty/DefaultHttpContentProcessorResolver.java",
    "originalName": "bodyType",
    "refactoredName": "type",
    "type": "Argument<?>",
    "originalPositionList": [
        {
            "charLength": -1,
            "startLineNumber": 109,
            "startColumnNumber": 9,
            "endLineNumber": 109,
            "endColumnNumber": 69
        }
    ],
    "refactoredPositionList": [
        {
            "charLength": -1,
            "startLineNumber": 109,
            "startColumnNumber": 21,
            "endLineNumber": 109,
            "endColumnNumber": 36
        },
        {
            "charLength": -1,
            "startLineNumber": 113,
            "startColumnNumber": 9,
            "endLineNumber": 113,
            "endColumnNumber": 65
        }
    ],
    "Description": "不算重构，发生赋值",
    "refactoredURL": "https://github.com/micronaut-projects/micronaut-core/blob/2bffcd29ffbca0befc43653ef3bfa3997b2585e0/http-server-netty/src/main/java/io/micronaut/http/server/netty/DefaultHttpContentProcessorResolver.java"
}