{
    "id": 1,
    "projectName": "mission-peace@interview",
    "originalCommitID": "882be4a1fa7472d4971711b3f2dd1027ac935898",
    "refactoredCommitID": "71749af23d316b1863d36c73f2570e5889c88e4b",
    "originalFilePath": "src/com/interview/tree/TreeTraversals.java",
    "refactoredFilePath": "src/com/interview/tree/TreeTraversals.java",
    "originalName": "root",
    "refactoredName": "current",
    "type": "Node",
    "originalPositionList": [
        {
            "charLength": -1,
            "startLineNumber": 102,
            "startColumnNumber": 17,
            "endLineNumber": 102,
            "endColumnNumber": 38
        },
        {
            "charLength": -1,
            "startLineNumber": 103,
            "startColumnNumber": 17,
            "endLineNumber": 103,
            "endColumnNumber": 34
        }
    ],
    "refactoredPositionList": [
        {
            "charLength": -1,
            "startLineNumber": 99,
            "startColumnNumber": 14,
            "endLineNumber": 99,
            "endColumnNumber": 28
        },
        {
            "charLength": -1,
            "startLineNumber": 103,
            "startColumnNumber": 17,
            "endLineNumber": 103,
            "endColumnNumber": 41
        },
        {
            "charLength": -1,
            "startLineNumber": 104,
            "startColumnNumber": 17,
            "endLineNumber": 104,
            "endColumnNumber": 40
        }
    ],
    "Description": "不是重构，中间变量修改",
    "refactoredURL": "https://github.com/mission-peace/interview/blob/71749af23d316b1863d36c73f2570e5889c88e4b/src/com/interview/tree/TreeTraversals.java"
}