{
    "id": 1,
    "projectName": "mplushnikov@lombok-intellij-plugin",
    "originalCommitID": "e3fb2e74fc26a112ed583e7a6c78bdcfd5a2590b",
    "refactoredCommitID": "1ed73434b652fe7496c3afed77effa2e90723906",
    "originalFilePath": "lombok-plugin/src/test/data/after/DataOnLocalClass.java",
    "refactoredFilePath": "lombok-plugin/src/test/data/after/DataOnLocalClass.java",
    "originalName": "this.getName()",
    "refactoredName": "this$name",
    "type": "Object",
    "originalPositionList": [
        {
            "charLength": -1,
            "startLineNumber": 38,
            "startColumnNumber": 9,
            "endLineNumber": 38,
            "endColumnNumber": 137
        }
    ],
    "refactoredPositionList": [
        {
            "charLength": -1,
            "startLineNumber": 30,
            "startColumnNumber": 28,
            "endLineNumber": 30,
            "endColumnNumber": 54
        },
        {
            "charLength": -1,
            "startLineNumber": 32,
            "startColumnNumber": 5,
            "endLineNumber": 32,
            "endColumnNumber": 94
        }
    ],
    "Description": "get 判空",
    "refactoredURL": "https://github.com/mplushnikov/lombok-intellij-plugin/blob/1ed73434b652fe7496c3afed77effa2e90723906/lombok-plugin/src/test/data/after/DataOnLocalClass.java"
}