{
    "id": 1,
    "projectName": "mxn21@FlowingDrawer",
    "originalCommitID": "9dc4f0d0c3b3efee0cd3ee82dd625cc328845b66",
    "refactoredCommitID": "075b86f4e7bac3a21f8f5a483a559740b731dff9",
    "originalFilePath": "flowingdrawer-core/src/main/java/com/mxn/soul/flowingdrawer_core/FlowingMenuLayout.java",
    "refactoredFilePath": "flowingdrawer-core/src/main/java/com/mxn/soul/flowingdrawer_core/FlowingMenuLayout.java",
    "originalName": "getHeight()",
    "refactoredName": "height",
    "type": "int",
    "originalPositionList": [
        {
            "charLength": -1,
            "startLineNumber": 64,
            "startColumnNumber": 9,
            "endLineNumber": 64,
            "endColumnNumber": 115
        },
        {
            "charLength": -1,
            "startLineNumber": 65,
            "startColumnNumber": 9,
            "endLineNumber": 66,
            "endColumnNumber": 115
        }
    ],
    "refactoredPositionList": [
        {
            "charLength": -1,
            "startLineNumber": 83,
            "startColumnNumber": 13,
            "endLineNumber": 83,
            "endColumnNumber": 33
        },
        {
            "charLength": -1,
            "startLineNumber": 94,
            "startColumnNumber": 21,
            "endLineNumber": 94,
            "endColumnNumber": 109
        },
        {
            "charLength": -1,
            "startLineNumber": 95,
            "startColumnNumber": 21,
            "endLineNumber": 95,
            "endColumnNumber": 116
        }
    ],
    "Description": "get 参与数学运算",
    "refactoredURL": "https://github.com/mxn21/FlowingDrawer/blob/075b86f4e7bac3a21f8f5a483a559740b731dff9/flowingdrawer-core/src/main/java/com/mxn/soul/flowingdrawer_core/FlowingMenuLayout.java"
}