{
    "id": 1,
    "projectName": "mybatis@generator",
    "originalCommitID": "2ec46de3af60bb5cd59038b3faecffcf3540e522",
    "refactoredCommitID": "6646a7e9ba1470bb851c7094868f69fca6103bf8",
    "originalFilePath": "eclipse/org.apache.ibatis.ibator.eclipse.core/src/org/apache/ibatis/ibator/eclipse/core/merge/JavaFileMerger.java",
    "refactoredFilePath": "eclipse/org.apache.ibatis.ibator.eclipse.core/src/org/apache/ibatis/ibator/eclipse/core/merge/JavaFileMerger.java",
    "originalName": "astIter.next()",
    "refactoredName": "node",
    "type": "ASTNode",
    "originalPositionList": [
        {
            "charLength": -1,
            "startLineNumber": 178,
            "startColumnNumber": 13,
            "endLineNumber": 178,
            "endColumnNumber": 61
        }
    ],
    "refactoredPositionList": [
        {
            "charLength": -1,
            "startLineNumber": 178,
            "startColumnNumber": 21,
            "endLineNumber": 178,
            "endColumnNumber": 42
        },
        {
            "charLength": -1,
            "startLineNumber": 187,
            "startColumnNumber": 13,
            "endLineNumber": 187,
            "endColumnNumber": 51
        }
    ],
    "Description": "astIter.next() 本身副作用，不算重构？",
    "refactoredURL": "https://github.com/mybatis/generator/blob/6646a7e9ba1470bb851c7094868f69fca6103bf8/eclipse/org.apache.ibatis.ibator.eclipse.core/src/org/apache/ibatis/ibator/eclipse/core/merge/JavaFileMerger.java"
}