{
    "id": 1,
    "projectName": "mybatis@spring",
    "originalCommitID": "331eac6605ecd4209b3bb4f9923e42eac9697eac",
    "refactoredCommitID": "94be18e0b6fc83785965a01f5e1488172cb4e3fe",
    "originalFilePath": "src/main/java/org/mybatis/spring/SqlSessionTemplate.java",
    "refactoredFilePath": "src/main/java/org/mybatis/spring/SqlSessionTemplate.java",
    "originalName": "SqlSessionTemplate.this.exceptionTranslator.translateExceptionIfPossible((PersistenceException)unwrapped)",
    "refactoredName": "translated",
    "type": "Throwable",
    "originalPositionList": [
        {
            "charLength": -1,
            "startLineNumber": 346,
            "startColumnNumber": 21,
            "endLineNumber": 346,
            "endColumnNumber": 140
        }
    ],
    "refactoredPositionList": [
        {
            "charLength": -1,
            "startLineNumber": 346,
            "startColumnNumber": 31,
            "endLineNumber": 346,
            "endColumnNumber": 150
        },
        {
            "charLength": -1,
            "startLineNumber": 348,
            "startColumnNumber": 25,
            "endLineNumber": 348,
            "endColumnNumber": 48
        }
    ],
    "Description": "判空，方法可能耗时 导致性能下降",
    "refactoredURL": "https://github.com/mybatis/spring/blob/94be18e0b6fc83785965a01f5e1488172cb4e3fe/src/main/java/org/mybatis/spring/SqlSessionTemplate.java"
}