{
    "id": 1,
    "projectName": "mzule@ActivityRouter",
    "originalCommitID": "bca685306494ca18b589618d27502bc84cd153f3",
    "refactoredCommitID": "a65c22352a286367a0be2fed9cea8a4f0aef62fc",
    "originalFilePath": "compiler/src/main/java/com/github/mzule/activityrouter/compiler/RouterProcessor.java",
    "refactoredFilePath": "compiler/src/main/java/com/github/mzule/activityrouter/compiler/RouterProcessor.java",
    "originalName": "ClassName.get((TypeElement)activity)",
    "refactoredName": "className",
    "type": "ClassName",
    "originalPositionList": [
        {
            "charLength": -1,
            "startLineNumber": 95,
            "startColumnNumber": 17,
            "endLineNumber": 96,
            "endColumnNumber": 64
        }
    ],
    "refactoredPositionList": [
        {
            "charLength": -1,
            "startLineNumber": 94,
            "startColumnNumber": 27,
            "endLineNumber": 94,
            "endColumnNumber": 76
        },
        {
            "charLength": -1,
            "startLineNumber": 103,
            "startColumnNumber": 17,
            "endLineNumber": 103,
            "endColumnNumber": 139
        }
    ],
    "Description": "单行文本 get",
    "refactoredURL": "https://github.com/mzule/ActivityRouter/blob/a65c22352a286367a0be2fed9cea8a4f0aef62fc/compiler/src/main/java/com/github/mzule/activityrouter/compiler/RouterProcessor.java"
}