{
    "id": 1,
    "projectName": "nathanmarz@storm",
    "originalCommitID": "782d57f40cab0fdbd96d34e2ff417a81e58348e9",
    "refactoredCommitID": "29504af74ce161ea406a666aa5687e6cb5174816",
    "originalFilePath": "src/jvm/backtype/storm/transactional/TransactionalBoltExecutor.java",
    "refactoredFilePath": "src/jvm/backtype/storm/transactional/TransactionalBoltExecutor.java",
    "originalName": "(ITransactionalBolt)Utils.deserialize(_boltSer)",
    "refactoredName": "bolt",
    "type": "ITransactionalBolt",
    "originalPositionList": [
        {
            "charLength": -1,
            "startLineNumber": 37,
            "startColumnNumber": 13,
            "endLineNumber": 37,
            "endColumnNumber": 94
        }
    ],
    "refactoredPositionList": [
        {
            "charLength": -1,
            "startLineNumber": 37,
            "startColumnNumber": 32,
            "endLineNumber": 37,
            "endColumnNumber": 87
        },
        {
            "charLength": -1,
            "startLineNumber": 39,
            "startColumnNumber": 13,
            "endLineNumber": 39,
            "endColumnNumber": 50
        }
    ],
    "Description": "静态方法，反序列化，耗时，长度",
    "refactoredURL": "https://github.com/nathanmarz/storm/blob/29504af74ce161ea406a666aa5687e6cb5174816/src/jvm/backtype/storm/transactional/TransactionalBoltExecutor.java"
}