{
    "id": 1,
    "projectName": "nayuki@QR-Code-generator",
    "originalCommitID": "a712ccc2304eae82e155654047f851632fbec4a1",
    "refactoredCommitID": "17e01555008cfeedb947d51443c488452f84e59a",
    "originalFilePath": "java/io/nayuki/qrcodegen/QrCode.java",
    "refactoredFilePath": "java/io/nayuki/qrcodegen/QrCode.java",
    "originalName": "getNumRawDataModules(version) / 8",
    "refactoredName": "rawCodewords",
    "type": "int",
    "originalPositionList": [
        {
            "charLength": -1,
            "startLineNumber": 461,
            "startColumnNumber": 3,
            "endLineNumber": 461,
            "endColumnNumber": 82
        },
        {
            "charLength": -1,
            "startLineNumber": 477,
            "startColumnNumber": 3,
            "endLineNumber": 477,
            "endColumnNumber": 63
        }
    ],
    "refactoredPositionList": [
        {
            "charLength": -1,
            "startLineNumber": 461,
            "startColumnNumber": 7,
            "endLineNumber": 461,
            "endColumnNumber": 55
        },
        {
            "charLength": -1,
            "startLineNumber": 462,
            "startColumnNumber": 3,
            "endLineNumber": 462,
            "endColumnNumber": 61
        },
        {
            "charLength": -1,
            "startLineNumber": 478,
            "startColumnNumber": 3,
            "endLineNumber": 478,
            "endColumnNumber": 42
        }
    ],
    "Description": "get 涉及到计算",
    "refactoredURL": "https://github.com/nayuki/QR-Code-generator/blob/17e01555008cfeedb947d51443c488452f84e59a/java/io/nayuki/qrcodegen/QrCode.java"
}