{
    "id": 1,
    "projectName": "netty@netty",
    "originalCommitID": "47d9a2af237812960bb32d7f6f01f79ae655a92f",
    "refactoredCommitID": "8a68c3e58d4663ae42e41a90d0d11aec3c25016b",
    "originalFilePath": "codec-http/src/main/java/io/netty/handler/codec/http/multipart/HttpPostMultipartRequestDecoder.java",
    "refactoredFilePath": "codec-http/src/main/java/io/netty/handler/codec/http/multipart/HttpPostMultipartRequestDecoder.java",
    "originalName": "undecodedChunk.readableBytes()",
    "refactoredName": "readableBytes",
    "type": "int",
    "originalPositionList": [
        {
            "charLength": -1,
            "startLineNumber": 1159,
            "startColumnNumber": 13,
            "endLineNumber": 1159,
            "endColumnNumber": 87
        }
    ],
    "refactoredPositionList": [
        {
            "charLength": -1,
            "startLineNumber": 1159,
            "startColumnNumber": 17,
            "endLineNumber": 1159,
            "endColumnNumber": 63
        },
        {
            "charLength": -1,
            "startLineNumber": 1160,
            "startColumnNumber": 13,
            "endLineNumber": 1160,
            "endColumnNumber": 70
        }
    ],
    "Description": "涉及到各种int类型的运算，有的所在行表达式很长",
    "refactoredURL": "https://github.com/netty/netty/blob/8a68c3e58d4663ae42e41a90d0d11aec3c25016b/codec-http/src/main/java/io/netty/handler/codec/http/multipart/HttpPostMultipartRequestDecoder.java"
}