{
    "id": 1,
    "projectName": "nhaarman@ListViewAnimations",
    "originalCommitID": "b2a7d26514776c6404a755f65d5a9feaab3c4f6a",
    "refactoredCommitID": "bae10c2cbbff55c7f1437a624ef34431fac99bc2",
    "originalFilePath": "library/src/com/haarman/listviewanimations/itemmanipulation/contextualundo/ContextualUndoListViewTouchListener.java",
    "refactoredFilePath": "library/src/com/haarman/listviewanimations/itemmanipulation/contextualundo/ContextualUndoListViewTouchListener.java",
    "originalName": "Math.abs(deltaX)",
    "refactoredName": "absDeltaX",
    "type": "float",
    "originalPositionList": [
        {
            "charLength": -1,
            "startLineNumber": 160,
            "startColumnNumber": 4,
            "endLineNumber": 166,
            "endColumnNumber": 5
        }
    ],
    "refactoredPositionList": [
        {
            "charLength": -1,
            "startLineNumber": 160,
            "startColumnNumber": 16,
            "endLineNumber": 160,
            "endColumnNumber": 44
        },
        {
            "charLength": -1,
            "startLineNumber": 161,
            "startColumnNumber": 4,
            "endLineNumber": 167,
            "endColumnNumber": 5
        }
    ],
    "Description": "表达式 float，abs 判断关系, 减少反复计算",
    "refactoredURL": "https://github.com/nhaarman/ListViewAnimations/blob/bae10c2cbbff55c7f1437a624ef34431fac99bc2/library/src/com/haarman/listviewanimations/itemmanipulation/contextualundo/ContextualUndoListViewTouchListener.java"
}