{
    "id": 1,
    "projectName": "nico2sh@materialish-progress",
    "originalCommitID": "0b628ebd2b7429278135e058a03c7ce4f2eda594",
    "refactoredCommitID": "f536268e1f76e9cdf603562b8d5177ea035a7d2f",
    "originalFilePath": "library/src/main/java/com/pnikosis/materialishprogress/ProgressWheel.java",
    "refactoredFilePath": "library/src/main/java/com/pnikosis/materialishprogress/ProgressWheel.java",
    "originalName": "mProgress",
    "refactoredName": "progress",
    "type": "float",
    "originalPositionList": [
        {
            "charLength": -1,
            "startLineNumber": 278,
            "startColumnNumber": 13,
            "endLineNumber": 278,
            "endColumnNumber": 75
        }
    ],
    "refactoredPositionList": [
        {
            "charLength": -1,
            "startLineNumber": 284,
            "startColumnNumber": 19,
            "endLineNumber": 284,
            "endColumnNumber": 39
        },
        {
            "charLength": -1,
            "startLineNumber": 291,
            "startColumnNumber": 13,
            "endLineNumber": 291,
            "endColumnNumber": 82
        }
    ],
    "Description": "不是重构，值被修改了",
    "refactoredURL": "https://github.com/nico2sh/materialish-progress/blob/f536268e1f76e9cdf603562b8d5177ea035a7d2f/library/src/main/java/com/pnikosis/materialishprogress/ProgressWheel.java"
}