{
    "id": 1,
    "projectName": "nisrulz@sensey",
    "originalCommitID": "b1294750eab54de72a2af5935edd6e66fc2dcd0c",
    "refactoredCommitID": "2ccd95c88a236a273798d7ffaec5331027078207",
    "originalFilePath": "library/src/main/java/com/github/nisrulz/sensey/Sensey.java",
    "refactoredFilePath": "library/src/main/java/com/github/nisrulz/sensey/Sensey.java",
    "originalName": "sensorManager.getDefaultSensor(Sensor.TYPE_ACCELEROMETER)",
    "refactoredName": "sensor",
    "type": "Sensor",
    "originalPositionList": [
        {
            "charLength": -1,
            "startLineNumber": 49,
            "startColumnNumber": 5,
            "endLineNumber": 54,
            "endColumnNumber": 6
        },
        {
            "charLength": -1,
            "startLineNumber": 51,
            "startColumnNumber": 7,
            "endLineNumber": 53,
            "endColumnNumber": 46
        }
    ],
    "refactoredPositionList": [
        {
            "charLength": -1,
            "startLineNumber": 49,
            "startColumnNumber": 18,
            "endLineNumber": 49,
            "endColumnNumber": 84
        },
        {
            "charLength": -1,
            "startLineNumber": 50,
            "startColumnNumber": 5,
            "endLineNumber": 54,
            "endColumnNumber": 6
        },
        {
            "charLength": -1,
            "startLineNumber": 52,
            "startColumnNumber": 7,
            "endLineNumber": 53,
            "endColumnNumber": 46
        }
    ],
    "Description": "get 判断空值",
    "refactoredURL": "https://github.com/nisrulz/sensey/blob/2ccd95c88a236a273798d7ffaec5331027078207/library/src/main/java/com/github/nisrulz/sensey/Sensey.java"
}