{
    "id": 1,
    "projectName": "north2016@T-MVP",
    "originalCommitID": "243e3e7b595b9d3f3bb0e1d344e24cdbf5902d5b",
    "refactoredCommitID": "30438fed9a2c4dc766f5557d320957155b1e96b7",
    "originalFilePath": "app/src/main/java/com/ui/article/ArticleActivity.java",
    "refactoredFilePath": "app/src/main/java/com/ui/article/ArticleActivity.java",
    "originalName": "new Gson().toJson(new Pointer(Image.class.getSimpleName(),mSubject.objectId))",
    "refactoredName": "article",
    "type": "String",
    "originalPositionList": [
        {
            "charLength": -1,
            "startLineNumber": 69,
            "startColumnNumber": 9,
            "endLineNumber": 74,
            "endColumnNumber": 26
        }
    ],
    "refactoredPositionList": [
        {
            "charLength": -1,
            "startLineNumber": 69,
            "startColumnNumber": 16,
            "endLineNumber": 69,
            "endColumnNumber": 104
        },
        {
            "charLength": -1,
            "startLineNumber": 70,
            "startColumnNumber": 9,
            "endLineNumber": 75,
            "endColumnNumber": 26
        }
    ],
    "Description": "长表达式，不然单行太长了",
    "refactoredURL": "https://github.com/north2016/T-MVP/blob/30438fed9a2c4dc766f5557d320957155b1e96b7/app/src/main/java/com/ui/article/ArticleActivity.java"
}