{
    "id": 1,
    "projectName": "nutzam@nutz",
    "originalCommitID": "1bddae0cf1a56b369802671261eb65e82ebab150",
    "refactoredCommitID": "f0b06a3b657dd287f520c4f4d91f08485ebba59e",
    "originalFilePath": "src/org/nutz/mvc/init/UrlMapImpl.java",
    "refactoredFilePath": "src/org/nutz/mvc/init/UrlMapImpl.java",
    "originalName": "ats.value()",
    "refactoredName": "paths",
    "type": "String[]",
    "originalPositionList": [
        {
            "charLength": -1,
            "startLineNumber": 113,
            "startColumnNumber": 23,
            "endLineNumber": 113,
            "endColumnNumber": 34
        }
    ],
    "refactoredPositionList": [
        {
            "charLength": -1,
            "startLineNumber": 111,
            "startColumnNumber": 5,
            "endLineNumber": 111,
            "endColumnNumber": 34
        },
        {
            "charLength": -1,
            "startLineNumber": 111,
            "startColumnNumber": 14,
            "endLineNumber": 111,
            "endColumnNumber": 33
        }
    ],
    "Description": "在迭代中作为条件多次使用，多次使用",
    "refactoredURL": "https://github.com/nutzam/nutz/blob/f0b06a3b657dd287f520c4f4d91f08485ebba59e/src/org/nutz/mvc/init/UrlMapImpl.java"
}