{
    "id": 1,
    "projectName": "nytimes@Store",
    "originalCommitID": "de6f55ed1b142a9526699080073f0050de5a27fb",
    "refactoredCommitID": "a9ed8718344678890d97ab9a3ec77561766becbd",
    "originalFilePath": "filesystem/src/test/java/com/nytimes/android/external/fs/StoreRefreshWhenStaleTest.java",
    "refactoredFilePath": "filesystem/src/test/java/com/nytimes/android/external/fs/StoreRefreshWhenStaleTest.java",
    "originalName": "store.get(barCode).test()",
    "refactoredName": "testObserver",
    "type": "TestObserver",
    "originalPositionList": [
        {
            "charLength": -1,
            "startLineNumber": 84,
            "startColumnNumber": 9,
            "endLineNumber": 88,
            "endColumnNumber": 25
        },
        {
            "charLength": -1,
            "startLineNumber": 94,
            "startColumnNumber": 9,
            "endLineNumber": 94,
            "endColumnNumber": 90
        }
    ],
    "refactoredPositionList": [
        {
            "charLength": -1,
            "startLineNumber": 84,
            "startColumnNumber": 22,
            "endLineNumber": 86,
            "endColumnNumber": 24
        },
        {
            "charLength": -1,
            "startLineNumber": 87,
            "startColumnNumber": 9,
            "endLineNumber": 87,
            "endColumnNumber": 43
        },
        {
            "charLength": -1,
            "startLineNumber": 97,
            "startColumnNumber": 9,
            "endLineNumber": 97,
            "endColumnNumber": 43
        }
    ],
    "Description": "不是重构，赋值",
    "refactoredURL": "https://github.com/nytimes/Store/blob/a9ed8718344678890d97ab9a3ec77561766becbd/filesystem/src/test/java/com/nytimes/android/external/fs/StoreRefreshWhenStaleTest.java"
}