{
    "id": 1,
    "projectName": "oblac@jodd",
    "originalCommitID": "ffcf648040fd07fe1460618cf59bc67b667c0669",
    "refactoredCommitID": "b81d8e7d3df8f2af4973bcc5b967f7244a928697",
    "originalFilePath": "jodd-jtx/src/main/java/jodd/jtx/JtxTransactionManager.java",
    "refactoredFilePath": "jodd-jtx/src/main/java/jodd/jtx/JtxTransactionManager.java",
    "originalName": "txStack.get()",
    "refactoredName": "txList",
    "type": "ArrayList<JtxTransaction>",
    "originalPositionList": [
        {
            "charLength": -1,
            "startLineNumber": 116,
            "startColumnNumber": 3,
            "endLineNumber": 116,
            "endColumnNumber": 31
        }
    ],
    "refactoredPositionList": [
        {
            "charLength": -1,
            "startLineNumber": 116,
            "startColumnNumber": 29,
            "endLineNumber": 116,
            "endColumnNumber": 51
        },
        {
            "charLength": -1,
            "startLineNumber": 120,
            "startColumnNumber": 3,
            "endLineNumber": 120,
            "endColumnNumber": 24
        }
    ],
    "Description": "get 方法，多次使用",
    "refactoredURL": "https://github.com/oblac/jodd/blob/b81d8e7d3df8f2af4973bcc5b967f7244a928697/jodd-jtx/src/main/java/jodd/jtx/JtxTransactionManager.java"
}