{
    "id": 1,
    "projectName": "oblador@react-native-keychain",
    "originalCommitID": "32c5caff391facd5b3b07b885c51296d6128c1f7",
    "refactoredCommitID": "1c0552f88bf01dc348791a6dda6f504d92139b11",
    "originalFilePath": "android/src/main/java/com/oblador/keychain/PrefsStorage.java",
    "refactoredFilePath": "android/src/main/java/com/oblador/keychain/PrefsStorage.java",
    "originalName": "getKeyForUsername(service)",
    "refactoredName": "keyForUsername",
    "type": "String",
    "originalPositionList": [
        {
            "charLength": -1,
            "startLineNumber": 50,
            "startColumnNumber": 9,
            "endLineNumber": 53,
            "endColumnNumber": 26
        }
    ],
    "refactoredPositionList": [
        {
            "charLength": -1,
            "startLineNumber": 58,
            "startColumnNumber": 16,
            "endLineNumber": 58,
            "endColumnNumber": 59
        },
        {
            "charLength": -1,
            "startLineNumber": 62,
            "startColumnNumber": 9,
            "endLineNumber": 66,
            "endColumnNumber": 26
        }
    ],
    "Description": "get 相似结构",
    "refactoredURL": "https://github.com/oblador/react-native-keychain/blob/1c0552f88bf01dc348791a6dda6f504d92139b11/android/src/main/java/com/oblador/keychain/PrefsStorage.java"
}