{
    "id": 1,
    "projectName": "ongakuer@CircleIndicator",
    "originalCommitID": "cac91595b997b28352307230ce831a2af401467c",
    "refactoredCommitID": "f163ad6482e8a132c102c04ee7746e14b631ae66",
    "originalFilePath": "circleindicator/src/main/java/me/relex/circleindicator/CircleIndicator.java",
    "refactoredFilePath": "circleindicator/src/main/java/me/relex/circleindicator/CircleIndicator.java",
    "originalName": "getChildAt(mCurrentPosition)",
    "refactoredName": "currentIndicator",
    "type": "View",
    "originalPositionList": [
        {
            "charLength": -1,
            "startLineNumber": 108,
            "startColumnNumber": 9,
            "endLineNumber": 108,
            "endColumnNumber": 62
        }
    ],
    "refactoredPositionList": [
        {
            "charLength": -1,
            "startLineNumber": 112,
            "startColumnNumber": 14,
            "endLineNumber": 112,
            "endColumnNumber": 61
        },
        {
            "charLength": -1,
            "startLineNumber": 114,
            "startColumnNumber": 9,
            "endLineNumber": 114,
            "endColumnNumber": 50
        }
    ],
    "Description": "get 类型",
    "refactoredURL": "https://github.com/ongakuer/CircleIndicator/blob/f163ad6482e8a132c102c04ee7746e14b631ae66/circleindicator/src/main/java/me/relex/circleindicator/CircleIndicator.java"
}