{
    "id": 1,
    "projectName": "openzipkin@zipkin",
    "originalCommitID": "fc879937fdc2c5be81e60d1b60efb0d604fe81e1",
    "refactoredCommitID": "a18f31c075e5d25cccba5d06ffc06b221bbfa0d8",
    "originalFilePath": "zipkin-storage/cassandra/src/test/java/zipkin/storage/cassandra/DeduplicatingExecutorTest.java",
    "refactoredFilePath": "zipkin-storage/cassandra/src/test/java/zipkin/storage/cassandra/DeduplicatingExecutorTest.java",
    "originalName": "executor.maybeExecuteAsync(first,\"foo\")",
    "refactoredName": "firstFoo",
    "type": "ListenableFuture<Void>",
    "originalPositionList": [
        {
            "charLength": -1,
            "startLineNumber": 50,
            "startColumnNumber": 5,
            "endLineNumber": 51,
            "endColumnNumber": 27
        },
        {
            "charLength": -1,
            "startLineNumber": 54,
            "startColumnNumber": 5,
            "endLineNumber": 55,
            "endColumnNumber": 27
        },
        {
            "charLength": -1,
            "startLineNumber": 60,
            "startColumnNumber": 5,
            "endLineNumber": 61,
            "endColumnNumber": 27
        }
    ],
    "refactoredPositionList": [
        {
            "charLength": -1,
            "startLineNumber": 49,
            "startColumnNumber": 28,
            "endLineNumber": 49,
            "endColumnNumber": 79
        },
        {
            "charLength": -1,
            "startLineNumber": 52,
            "startColumnNumber": 5,
            "endLineNumber": 53,
            "endColumnNumber": 30
        },
        {
            "charLength": -1,
            "startLineNumber": 58,
            "startColumnNumber": 5,
            "endLineNumber": 59,
            "endColumnNumber": 30
        },
        {
            "charLength": -1,
            "startLineNumber": 63,
            "startColumnNumber": 5,
            "endLineNumber": 64,
            "endColumnNumber": 33
        }
    ],
    "Description": "监听一个返回的方法的值，多次被拿来做断言比较",
    "refactoredURL": "https://github.com/openzipkin/zipkin/blob/a18f31c075e5d25cccba5d06ffc06b221bbfa0d8/zipkin-storage/cassandra/src/test/java/zipkin/storage/cassandra/DeduplicatingExecutorTest.java"
}