{
    "id": 1,
    "projectName": "openhab@openhab1-addons",
    "originalCommitID": "689ce4b575807d0c34febe9b158338c1c7b4eb66",
    "refactoredCommitID": "35c7607ebb0fafc4a8dd15f98b5395608ac22e5d",
    "originalFilePath": "bundles/io/org.openhab.io.cv/src/main/java/org/openhab/io/cv/CVApplication.java",
    "refactoredFilePath": "bundles/io/org.openhab.io.cv/src/main/java/org/openhab/io/cv/CVApplication.java",
    "originalName": "bundleContext.getProperty(\"jetty.port\")",
    "refactoredName": "bundleProperty",
    "type": "String",
    "originalPositionList": [
        {
            "charLength": -1,
            "startLineNumber": 160,
            "startColumnNumber": 7,
            "endLineNumber": 160,
            "endColumnNumber": 76
        }
    ],
    "refactoredPositionList": [
        {
            "charLength": -1,
            "startLineNumber": 160,
            "startColumnNumber": 11,
            "endLineNumber": 160,
            "endColumnNumber": 68
        },
        {
            "charLength": -1,
            "startLineNumber": 162,
            "startColumnNumber": 5,
            "endLineNumber": 162,
            "endColumnNumber": 49
        }
    ],
    "Description": "不算是重构，新变量被修改",
    "refactoredURL": "https://github.com/openhab/openhab1-addons/blob/35c7607ebb0fafc4a8dd15f98b5395608ac22e5d/bundles/io/org.openhab.io.cv/src/main/java/org/openhab/io/cv/CVApplication.java"
}