{
    "id": 1,
    "projectName": "oshi@oshi",
    "originalCommitID": "8b9be87fba0b074790e31a19a82ecabbea71e8af",
    "refactoredCommitID": "fd8ec4dab73aec25a9e8f33431992db44580019b",
    "originalFilePath": "oshi-core/src/test/java/oshi/driver/linux/DmidecodeTest.java",
    "refactoredFilePath": "oshi-core/src/test/java/oshi/driver/linux/DmidecodeTest.java",
    "originalName": "Dmidecode.querySerialNumber()",
    "refactoredName": "serialNumber",
    "type": "String",
    "originalPositionList": [
        {
            "charLength": -1,
            "startLineNumber": 42,
            "startColumnNumber": 13,
            "endLineNumber": 42,
            "endColumnNumber": 131
        }
    ],
    "refactoredPositionList": [
        {
            "charLength": -1,
            "startLineNumber": 42,
            "startColumnNumber": 20,
            "endLineNumber": 42,
            "endColumnNumber": 64
        },
        {
            "charLength": -1,
            "startLineNumber": 44,
            "startColumnNumber": 17,
            "endLineNumber": 44,
            "endColumnNumber": 98
        }
    ],
    "Description": "某一行出现的特别长",
    "refactoredURL": "https://github.com/oshi/oshi/blob/fd8ec4dab73aec25a9e8f33431992db44580019b/oshi-core/src/test/java/oshi/driver/linux/DmidecodeTest.java"
}