{
    "id": 1,
    "projectName": "ozodrukh@CircularReveal",
    "originalCommitID": "6dd58c9e8968ef5d7e61372dd9d4c9e1cae7e01d",
    "refactoredCommitID": "318dc9fbf52f9c6d0238934a107935b4c8576a97",
    "originalFilePath": "circualreveal/src/main/java/io/codetail/animation/RevealAnimator.java",
    "refactoredFilePath": "circualreveal/src/main/java/io/codetail/animation/RevealAnimator.java",
    "originalName": "mReference.get()",
    "refactoredName": "target",
    "type": "RevealAnimator",
    "originalPositionList": [
        {
            "charLength": -1,
            "startLineNumber": 142,
            "startColumnNumber": 13,
            "endLineNumber": 142,
            "endColumnNumber": 70
        }
    ],
    "refactoredPositionList": [
        {
            "charLength": -1,
            "startLineNumber": 118,
            "startColumnNumber": 28,
            "endLineNumber": 118,
            "endColumnNumber": 53
        },
        {
            "charLength": -1,
            "startLineNumber": 119,
            "startColumnNumber": 13,
            "endLineNumber": 119,
            "endColumnNumber": 60
        }
    ],
    "Description": "根据别的方法的类似修改的相似度匹配，或者说我们对get函数会考虑一个提取(返回的是对象)",
    "refactoredURL": "https://github.com/ozodrukh/CircularReveal/blob/318dc9fbf52f9c6d0238934a107935b4c8576a97/circualreveal/src/main/java/io/codetail/animation/RevealAnimator.java"
}