{
    "id": 1,
    "projectName": "path@android-priority-jobqueue",
    "originalCommitID": "0da04b33d1e934f4c5bf9d897d8d32e9eeae227a",
    "refactoredCommitID": "ed4354fafbb7bc45e8e166f144d1cd37958e2745",
    "originalFilePath": "jobqueue/src/com/path/android/jobqueue/persistentQueue/sqlite/SqliteJobQueue.java",
    "refactoredFilePath": "jobqueue/src/com/path/android/jobqueue/persistentQueue/sqlite/SqliteJobQueue.java",
    "originalName": "DbOpenHelper.RUNNING_SESSION_ID_COLUMN.columnName + \" != \" + sessionId + \" AND \" + DbOpenHelper.DELAY_UNTIL_NS_COLUMN.columnName + \" <= ? \"",
    "refactoredName": "where",
    "type": "String",
    "originalPositionList": [
        {
            "charLength": -1,
            "startLineNumber": 125,
            "startColumnNumber": 9,
            "endLineNumber": 132,
            "endColumnNumber": 11
        }
    ],
    "refactoredPositionList": [
        {
            "charLength": -1,
            "startLineNumber": 126,
            "startColumnNumber": 16,
            "endLineNumber": 127,
            "endColumnNumber": 85
        },
        {
            "charLength": -1,
            "startLineNumber": 131,
            "startColumnNumber": 9,
            "endLineNumber": 138,
            "endColumnNumber": 11
        }
    ],
    "Description": "不是重构，新变量发生修改",
    "refactoredURL": "https://github.com/path/android-priority-jobqueue/blob/ed4354fafbb7bc45e8e166f144d1cd37958e2745/jobqueue/src/com/path/android/jobqueue/persistentQueue/sqlite/SqliteJobQueue.java"
}