{
    "id": 1,
    "projectName": "pedrovgs@EffectiveAndroidUI",
    "originalCommitID": "deef8958c5ce708522000f8a62c011f08d5cc327",
    "refactoredCommitID": "ef1fd523254ab19677e6c67527e09a25dc881bc2",
    "originalFilePath": "app/src/main/java/com/github/pedrovgs/effectiveandroidui/ui/activity/BaseActivity.java",
    "refactoredFilePath": "app/src/main/java/com/github/pedrovgs/effectiveandroidui/ui/activity/BaseActivity.java",
    "originalName": "getModules()",
    "refactoredName": "activityScopeModules",
    "type": "List<Object>",
    "originalPositionList": [
        {
            "charLength": -1,
            "startLineNumber": 38,
            "startColumnNumber": 5,
            "endLineNumber": 38,
            "endColumnNumber": 43
        }
    ],
    "refactoredPositionList": [
        {
            "charLength": -1,
            "startLineNumber": 38,
            "startColumnNumber": 18,
            "endLineNumber": 38,
            "endColumnNumber": 53
        },
        {
            "charLength": -1,
            "startLineNumber": 39,
            "startColumnNumber": 5,
            "endLineNumber": 39,
            "endColumnNumber": 51
        }
    ],
    "Description": "看不懂，一行提取，一行使用，提取以后反而变长",
    "refactoredURL": "https://github.com/pedrovgs/EffectiveAndroidUI/blob/ef1fd523254ab19677e6c67527e09a25dc881bc2/app/src/main/java/com/github/pedrovgs/effectiveandroidui/ui/activity/BaseActivity.java"
}