{
    "id": 1,
    "projectName": "pedrovgs@Algorithms",
    "originalCommitID": "f9796b503ddf06d796e73592842c70bf9751806a",
    "refactoredCommitID": "5f3d5bd5de9ee50b7aa73c7b55b3d205dd2f0a67",
    "originalFilePath": "src/main/java/com/github/pedrovgs/problem32/Contains.java",
    "refactoredFilePath": "src/main/java/com/github/pedrovgs/problem32/Contains.java",
    "originalName": "false",
    "refactoredName": "contains",
    "type": "boolean",
    "originalPositionList": [
        {
            "charLength": -1,
            "startLineNumber": 27,
            "startColumnNumber": 5,
            "endLineNumber": 27,
            "endColumnNumber": 18
        }
    ],
    "refactoredPositionList": [
        {
            "charLength": -1,
            "startLineNumber": 36,
            "startColumnNumber": 13,
            "endLineNumber": 36,
            "endColumnNumber": 29
        },
        {
            "charLength": -1,
            "startLineNumber": 47,
            "startColumnNumber": 5,
            "endLineNumber": 47,
            "endColumnNumber": 21
        }
    ],
    "Description": "不是重构，中间修改",
    "refactoredURL": "https://github.com/pedrovgs/Algorithms/blob/5f3d5bd5de9ee50b7aa73c7b55b3d205dd2f0a67/src/main/java/com/github/pedrovgs/problem32/Contains.java"
}