{
    "id": 2,
    "projectName": "permissions-dispatcher@PermissionsDispatcher",
    "originalCommitID": "445c7eaf0787d550ee44e140181d9a8b9b887e19",
    "refactoredCommitID": "206b897c3b59e6555b22c8c7f3aa9f79c423868b",
    "originalFilePath": "permissionsdispatcher-processor/src/main/java/permissions/dispatcher/processor/JavaFileBuilder.java",
    "refactoredFilePath": "permissionsdispatcher-processor/src/main/java/permissions/dispatcher/processor/JavaFileBuilder.java",
    "originalName": "clazz.getClassType().getActivity()",
    "refactoredName": "activity",
    "type": "String",
    "originalPositionList": [
        {
            "charLength": -1,
            "startLineNumber": 37,
            "startColumnNumber": 13,
            "endLineNumber": 37,
            "endColumnNumber": 121
        }
    ],
    "refactoredPositionList": [
        {
            "charLength": -1,
            "startLineNumber": 27,
            "startColumnNumber": 20,
            "endLineNumber": 27,
            "endColumnNumber": 65
        },
        {
            "charLength": -1,
            "startLineNumber": 28,
            "startColumnNumber": 13,
            "endLineNumber": 28,
            "endColumnNumber": 115
        }
    ],
    "Description": "单行长文本，但是其实有时候可以手动换行解决",
    "refactoredURL": "https://github.com/permissions-dispatcher/PermissionsDispatcher/blob/206b897c3b59e6555b22c8c7f3aa9f79c423868b/permissionsdispatcher-processor/src/main/java/permissions/dispatcher/processor/JavaFileBuilder.java"
}