{
    "id": 1,
    "projectName": "pilgr@Paper",
    "originalCommitID": "3e2ebce60a4e2a21d0aadff6690a6683ce0496f5",
    "refactoredCommitID": "40a0d5194fcb7561e84ddefb91ac9ed45a766f94",
    "originalFilePath": "paperdb/src/main/java/io/paperdb/DbStoragePlainFile.java",
    "refactoredFilePath": "paperdb/src/main/java/io/paperdb/DbStoragePlainFile.java",
    "originalName": "\"Couldn't read/deserialize file \" + originalFile + \" for table \" + key",
    "refactoredName": "errorMessage",
    "type": "String",
    "originalPositionList": [
        {
            "charLength": -1,
            "startLineNumber": 214,
            "startColumnNumber": 13,
            "endLineNumber": 215,
            "endColumnNumber": 47
        }
    ],
    "refactoredPositionList": [
        {
            "charLength": -1,
            "startLineNumber": 214,
            "startColumnNumber": 20,
            "endLineNumber": 215,
            "endColumnNumber": 57
        },
        {
            "charLength": -1,
            "startLineNumber": 222,
            "startColumnNumber": 13,
            "endLineNumber": 222,
            "endColumnNumber": 57
        }
    ],
    "Description": "新变量发生修改，不是重构",
    "refactoredURL": "https://github.com/pilgr/Paper/blob/40a0d5194fcb7561e84ddefb91ac9ed45a766f94/paperdb/src/main/java/io/paperdb/DbStoragePlainFile.java"
}