{
    "id": 1,
    "projectName": "apache@logging-log4j2",
    "originalCommitID": "d4491eba4f611475e65c38772d4befa443d8635d",
    "refactoredCommitID": "cb05c27ca8bc2353846c864b15e2c9edbc0d1bfd",
    "originalFilePath": "log4j-core/src/main/java/org/apache/logging/log4j/core/config/properties/PropertiesConfigurationBuilder.java",
    "refactoredFilePath": "log4j-core/src/main/java/org/apache/logging/log4j/core/config/properties/PropertiesConfigurationBuilder.java",
    "originalName": "PropertiesUtil.extractSubset(rootProperties,\"logger\")",
    "refactoredName": "context",
    "type": "Properties",
    "originalPositionList": [
        {
            "charLength": -1,
            "startLineNumber": 173,
            "startColumnNumber": 13,
            "endLineNumber": 174,
            "endColumnNumber": 104
        }
    ],
    "refactoredPositionList": [
        {
            "charLength": -1,
            "startLineNumber": 177,
            "startColumnNumber": 30,
            "endLineNumber": 177,
            "endColumnNumber": 94
        },
        {
            "charLength": -1,
            "startLineNumber": 178,
            "startColumnNumber": 13,
            "endLineNumber": 178,
            "endColumnNumber": 103
        }
    ],
    "Description": "静态方法，长表达式"
}