{
  "id": 1,
  "projectName": "killbill@killbill",
  "originalCommitID": "9dfa8bece813d5d331e87f1be550818b3260b1c9",
  "refactoredCommitID": "e65e2acd346250a2ee16109d754b67518071d0b0",
  "originalFilePath": "invoice/src/test/java/org/killbill/billing/invoice/usage/TestContiguousIntervalConsumableInArrear.java",
  "refactoredFilePath": "invoice/src/test/java/org/killbill/billing/invoice/usage/TestContiguousIntervalConsumableInArrear.java",
  "originalName": "10L",
  "refactoredName": "existingFooQuantity1",
  "type": "long",
  "originalPositionList": [
    {
      "charLength": -1,
      "startLineNumber": 825,
      "startColumnNumber": 9,
      "endLineNumber": 825,
      "endColumnNumber": 185
    }
  ],
  "refactoredPositionList": [
    {
      "charLength": -1,
      "startLineNumber": 825,
      "startColumnNumber": 14,
      "endLineNumber": 825,
      "endColumnNumber": 40
    },
    {
      "charLength": -1,
      "startLineNumber": 827,
      "startColumnNumber": 9,
      "endLineNumber": 827,
      "endColumnNumber": 202
    }
  ],
  "Description": "特殊意义的常量（在测试中的特定值10L）"
}