{
  "id": 1,
  "projectName": "languagetool-org@languagetool",
  "originalCommitID": "b3cab3575ea53e00da067a731f931cc2ae1ed73e",
  "refactoredCommitID": "020309f5a6adf0ce95fce11255efc9b3b5bdab70",
  "originalFilePath": "languagetool-language-modules/ca/src/main/java/org/languagetool/rules/ca/MorfologikCatalanSpellerRule.java",
  "refactoredFilePath": "languagetool-language-modules/ca/src/main/java/org/languagetool/rules/ca/MorfologikCatalanSpellerRule.java",
  "originalName": "0",
  "refactoredName": "posNewSugg",
  "type": "int",
  "originalPositionList": [
    {
      "charLength": -1,
      "startLineNumber": 130,
      "startColumnNumber": 9,
      "endLineNumber": 130,
      "endColumnNumber": 51
    },
    {
      "charLength": -1,
      "startLineNumber": 137,
      "startColumnNumber": 9,
      "endLineNumber": 137,
      "endColumnNumber": 51
    },
    {
      "charLength": -1,
      "startLineNumber": 145,
      "startColumnNumber": 11,
      "endLineNumber": 145,
      "endColumnNumber": 53
    }
  ],
  "refactoredPositionList": [
    {
      "charLength": -1,
      "startLineNumber": 117,
      "startColumnNumber": 11,
      "endLineNumber": 117,
      "endColumnNumber": 25
    },
    {
      "charLength": -1,
      "startLineNumber": 131,
      "startColumnNumber": 11,
      "endLineNumber": 131,
      "endColumnNumber": 62
    },
    {
      "charLength": -1,
      "startLineNumber": 138,
      "startColumnNumber": 9,
      "endLineNumber": 138,
      "endColumnNumber": 60
    },
    {
      "charLength": -1,
      "startLineNumber": 148,
      "startColumnNumber": 9,
      "endLineNumber": 148,
      "endColumnNumber": 60
    }
  ],
  "Description": "不是重构，修改新变量"
}