{
  "id": 10,
  "projectName": "languagetool-org@languagetool",
  "originalCommitID": "3b2ec6c343174487bbe41a110a0fbbfc072dc6c9",
  "refactoredCommitID": "3b15da4f3fb82aae19bff55ffc3ec0597194ab84",
  "originalFilePath": "languagetool-core/src/main/java/org/languagetool/rules/spelling/hunspell/HunspellRule.java",
  "refactoredFilePath": "languagetool-core/src/main/java/org/languagetool/rules/spelling/hunspell/HunspellRule.java",
  "originalName": "cleanWord",
  "refactoredName": "finalCleanWord",
  "type": "String",
  "originalPositionList": [
    {
      "charLength": -1,
      "startLineNumber": 227,
      "startColumnNumber": 17,
      "endLineNumber": 227,
      "endColumnNumber": 57
    }
  ],
  "refactoredPositionList": [
    {
      "charLength": -1,
      "startLineNumber": 232,
      "startColumnNumber": 20,
      "endLineNumber": 232,
      "endColumnNumber": 46
    },
    {
      "charLength": -1,
      "startLineNumber": 235,
      "startColumnNumber": 17,
      "endLineNumber": 235,
      "endColumnNumber": 62
    }
  ],
  "Description": "为什么要用一个变量换另一个变量呢？ 因为lambda表达式中的局部变量不可修改，但是我们需要使用cleanWord字符串（前面的代码被修改），所以需要额外使用一个新的变量做替代"
}