{
    "id": 1,
    "projectName": "leolin310148@ShortcutBadger",
    "originalCommitID": "94ad27fb1816ccd160892e87034e483b47e8a096",
    "refactoredCommitID": "975a05098bcd39b221bdb26e2a5f6f21db2f46e9",
    "originalFilePath": "ShortcutBadger/src/main/java/me/leolin/shortcutbadger/ShortcutBadger.java",
    "refactoredFilePath": "ShortcutBadger/src/main/java/me/leolin/shortcutbadger/ShortcutBadger.java",
    "originalName": "context.getPackageManager().getLaunchIntentForPackage(context.getPackageName())",
    "refactoredName": "launchIntent",
    "type": "Intent",
    "originalPositionList": [
        {
            "charLength": -1,
            "startLineNumber": 116,
            "startColumnNumber": 9,
            "endLineNumber": 116,
            "endColumnNumber": 121
        }
    ],
    "refactoredPositionList": [
        {
            "charLength": -1,
            "startLineNumber": 115,
            "startColumnNumber": 16,
            "endLineNumber": 115,
            "endColumnNumber": 110
        },
        {
            "charLength": -1,
            "startLineNumber": 121,
            "startColumnNumber": 9,
            "endLineNumber": 121,
            "endColumnNumber": 54
        }
    ],
    "Description": "长表达式，get，判等"
}