{
  "id": 1,
  "projectName": "logisim-evolution@logisim-evolution",
  "originalCommitID": "00469e753ad33a49025ef80b33ed72516c3220ea",
  "refactoredCommitID": "e4d56b666238047852febd8f30e38179b0517d13",
  "originalFilePath": "src/main/java/com/cburch/logisim/util/LineBuffer.java",
  "refactoredFilePath": "src/main/java/com/cburch/logisim/util/LineBuffer.java",
  "originalName": "i == 0",
  "refactoredName": "isFirst",
  "type": "var",
  "originalPositionList": [
    {
      "charLength": -1,
      "startLineNumber": 581,
      "startColumnNumber": 7,
      "endLineNumber": 581,
      "endColumnNumber": 94
    }
  ],
  "refactoredPositionList": [
    {
      "charLength": -1,
      "startLineNumber": 581,
      "startColumnNumber": 17,
      "endLineNumber": 581,
      "endColumnNumber": 33
    },
    {
      "charLength": -1,
      "startLineNumber": 634,
      "startColumnNumber": 7,
      "endLineNumber": 634,
      "endColumnNumber": 58
    }
  ],
  "Description": "类似结构，i==0 有点内容 isFirst"
}