{
    "id": 1,
    "projectName": "mapstruct@mapstruct",
    "originalCommitID": "47ffb041064bfa0aa382fd6f3322ddff5a07bdac",
    "refactoredCommitID": "4a05c8d5f14a287242bfd5ec67ed75b86e141862",
    "originalFilePath": "processor/src/main/java/org/mapstruct/ap/internal/model/LifecycleCallbackFactory.java",
    "refactoredFilePath": "processor/src/main/java/org/mapstruct/ap/internal/model/LifecycleCallbackFactory.java",
    "originalName": "method.getResultType()",
    "refactoredName": "targetType",
    "type": "Type",
    "originalPositionList": [
        {
            "charLength": -1,
            "startLineNumber": 109,
            "startColumnNumber": 9,
            "endLineNumber": 114,
            "endColumnNumber": 76
        }
    ],
    "refactoredPositionList": [
        {
            "charLength": -1,
            "startLineNumber": 109,
            "startColumnNumber": 14,
            "endLineNumber": 109,
            "endColumnNumber": 49
        },
        {
            "charLength": -1,
            "startLineNumber": 115,
            "startColumnNumber": 9,
            "endLineNumber": 120,
            "endColumnNumber": 76
        }
    ],
    "Description": "不是重构，赋值"
}