{
    "id": 1,
    "projectName": "micrometer-metrics@micrometer",
    "originalCommitID": "0caad976dc873eba0ae2b2b613c4ade7e92604c4",
    "refactoredCommitID": "de39a2495abb8ba0a49f1cf7ed0de86a4771d4b0",
    "originalFilePath": "implementations/micrometer-registry-elastic/src/main/java/io/micrometer/elastic/ElasticMeterRegistry.java",
    "refactoredFilePath": "implementations/micrometer-registry-elastic/src/main/java/io/micrometer/elastic/ElasticMeterRegistry.java",
    "originalName": "batch.size()",
    "refactoredName": "numberOfSentItems",
    "type": "int",
    "originalPositionList": [
        {
            "charLength": -1,
            "startLineNumber": 172,
            "startColumnNumber": 33,
            "endLineNumber": 172,
            "endColumnNumber": 103
        }
    ],
    "refactoredPositionList": [
        {
            "charLength": -1,
            "startLineNumber": 170,
            "startColumnNumber": 33,
            "endLineNumber": 170,
            "endColumnNumber": 65
        },
        {
            "charLength": -1,
            "startLineNumber": 178,
            "startColumnNumber": 33,
            "endLineNumber": 178,
            "endColumnNumber": 108
        }
    ],
    "Description": "int 单行语句长度"
}