{
    "id": 1,
    "projectName": "microsoft@malmo",
    "originalCommitID": "318badfdbd41f596c8bb8ad6c32b91d2d62e431b",
    "refactoredCommitID": "f3ca2c8e437877fb634549f4ce5eef8a11cd869b",
    "originalFilePath": "Minecraft/src/main/java/com/microsoft/Malmo/MissionHandlers/MazeDecoratorImplementation.java",
    "refactoredFilePath": "Minecraft/src/main/java/com/microsoft/Malmo/MissionHandlers/MazeDecoratorImplementation.java",
    "originalName": "new BlockPos(x + this.xOrg,this.yOrg,z + this.zOrg)",
    "refactoredName": "bp",
    "type": "BlockPos",
    "originalPositionList": [
        {
            "charLength": -1,
            "startLineNumber": 571,
            "startColumnNumber": 17,
            "endLineNumber": 571,
            "endColumnNumber": 109
        }
    ],
    "refactoredPositionList": [
        {
            "charLength": -1,
            "startLineNumber": 588,
            "startColumnNumber": 26,
            "endLineNumber": 588,
            "endColumnNumber": 84
        },
        {
            "charLength": -1,
            "startLineNumber": 589,
            "startColumnNumber": 17,
            "endLineNumber": 589,
            "endColumnNumber": 71
        }
    ],
    "Description": "包含计算 ， 单行长"
}