{
    "id": 1,
    "projectName": "microservices-patterns@ftgo-application",
    "originalCommitID": "8d0718fe1ffecff3344a8706b9d347f543734e7c",
    "refactoredCommitID": "ed07b5ced083c711dec42a5f780b486913c38a01",
    "originalFilePath": "ftgo-order-service/src/main/java/net/chrisrichardson/ftgo/orderservice/grpc/OrderServiceServer.java",
    "refactoredFilePath": "ftgo-order-service/src/main/java/net/chrisrichardson/ftgo/orderservice/grpc/OrderServiceServer.java",
    "originalName": "req.getLineItemsList()",
    "refactoredName": "lineItemsList",
    "type": "List<LineItem>",
    "originalPositionList": [
        {
            "charLength": -1,
            "startLineNumber": 52,
            "startColumnNumber": 7,
            "endLineNumber": 55,
            "endColumnNumber": 9
        }
    ],
    "refactoredPositionList": [
        {
            "charLength": -1,
            "startLineNumber": 58,
            "startColumnNumber": 22,
            "endLineNumber": 58,
            "endColumnNumber": 60
        },
        {
            "charLength": -1,
            "startLineNumber": 59,
            "startColumnNumber": 7,
            "endLineNumber": 63,
            "endColumnNumber": 9
        }
    ],
    "Description": "get 方法"
}