{
    "id": 1,
    "projectName": "mik3y@usb-serial-for-android",
    "originalCommitID": "76f0260a55d2a39dd118b85fb18b91227d4fc499",
    "refactoredCommitID": "18e300efa3ec5e5b78acaa326ad6e525c3e10abd",
    "originalFilePath": "usbSerialForAndroid/src/main/java/com/hoho/android/usbserial/driver/Ch34xSerialDriver.java",
    "refactoredFilePath": "usbSerialForAndroid/src/main/java/com/hoho/android/usbserial/driver/Ch34xSerialDriver.java",
    "originalName": "(int)((factor & 0xff00) | divisor)",
    "refactoredName": "val1",
    "type": "int",
    "originalPositionList": [
        {
            "charLength": -1,
            "startLineNumber": 211,
            "startColumnNumber": 4,
            "endLineNumber": 211,
            "endColumnNumber": 76
        }
    ],
    "refactoredPositionList": [
        {
            "charLength": -1,
            "startLineNumber": 222,
            "startColumnNumber": 8,
            "endLineNumber": 222,
            "endColumnNumber": 50
        },
        {
            "charLength": -1,
            "startLineNumber": 225,
            "startColumnNumber": 4,
            "endLineNumber": 225,
            "endColumnNumber": 45
        }
    ],
    "Description": "数学计算，int"
}