{
    "id": 1,
    "projectName": "mmin18@RealtimeBlurView",
    "originalCommitID": "2bc03f351c92438123bcdc5b421856ebeb279229",
    "refactoredCommitID": "70a61fc038e271675754e67535cb90bb10f43334",
    "originalFilePath": "library/src/com/github/mmin18/widget/RealtimeBlurView.java",
    "refactoredFilePath": "library/src/com/github/mmin18/widget/RealtimeBlurView.java",
    "originalName": "mBlurRadius / downsampleFactor",
    "refactoredName": "radius",
    "type": "float",
    "originalPositionList": [
        {
            "charLength": -1,
            "startLineNumber": 75,
            "startColumnNumber": 4,
            "endLineNumber": 75,
            "endColumnNumber": 39
        }
    ],
    "refactoredPositionList": [
        {
            "charLength": -1,
            "startLineNumber": 130,
            "startColumnNumber": 10,
            "endLineNumber": 130,
            "endColumnNumber": 49
        },
        {
            "charLength": -1,
            "startLineNumber": 135,
            "startColumnNumber": 4,
            "endLineNumber": 135,
            "endColumnNumber": 34
        }
    ],
    "Description": "不是重构，中间变量修改"
}