{
  "id": 1,
  "projectName": "mock-server@mockserver",
  "originalCommitID": "78c5663ac28f3e7e1493a0fc04e81bb95650053d",
  "refactoredCommitID": "57a904dba88c3cb5025da95fe69bd71e7442cd70",
  "originalFilePath": "mockserver-core/src/main/java/org/mockserver/codec/ExpandedParameterDecoder.java",
  "refactoredFilePath": "mockserver-core/src/main/java/org/mockserver/codec/ExpandedParameterDecoder.java",
  "originalName": "parameterString.contains(\"?\") ? StringUtils.substringAfter(parameterString,\"?\") : parameterString",
  "refactoredName": "rawParameterString",
  "type": "String",
  "originalPositionList": [
    {
      "charLength": -1,
      "startLineNumber": 61,
      "startColumnNumber": 9,
      "endLineNumber": 62,
      "endColumnNumber": 137
    }
  ],
  "refactoredPositionList": [
    {
      "charLength": -1,
      "startLineNumber": 62,
      "startColumnNumber": 20,
      "endLineNumber": 62,
      "endColumnNumber": 139
    },
    {
      "charLength": -1,
      "startLineNumber": 63,
      "startColumnNumber": 13,
      "endLineNumber": 63,
      "endColumnNumber": 97
    }
  ],
  "Description": "行长度，行节点复杂度"
}