{
  "id": 1,
  "projectName": "mockito@mockito",
  "originalCommitID": "963a87202115ddab2334f634f0adbe985609bcca",
  "refactoredCommitID": "e55f49a413b2eb04b6931500320abf667d7a8f95",
  "originalFilePath": "src/main/java/org/mockito/internal/creation/proxy/ProxyMockMaker.java",
  "refactoredFilePath": "src/main/java/org/mockito/internal/creation/proxy/ProxyMockMaker.java",
  "originalName": "settings.getTypeToMock().getClassLoader()",
  "refactoredName": "classLoader",
  "type": "ClassLoader",
  "originalPositionList": [
    {
      "charLength": -1,
      "startLineNumber": 53,
      "startColumnNumber": 9,
      "endLineNumber": 57,
      "endColumnNumber": 71
    }
  ],
  "refactoredPositionList": [
    {
      "charLength": -1,
      "startLineNumber": 54,
      "startColumnNumber": 21,
      "endLineNumber": 54,
      "endColumnNumber": 76
    },
    {
      "charLength": -1,
      "startLineNumber": 59,
      "startColumnNumber": 9,
      "endLineNumber": 63,
      "endColumnNumber": 71
    }
  ],
  "Description": "不算重构，中间赋值"
}