{
  "id": 1,
  "projectName": "mongodb@mongo-java-driver",
  "originalCommitID": "4379ce188acbd18614a10b2805c0bc63af4d484c",
  "refactoredCommitID": "ab4a6a17c9756a0232e037d221d503c2640eac00",
  "originalFilePath": "driver-async/src/main/com/mongodb/async/client/MongoClientSettings.java",
  "refactoredFilePath": "driver-async/src/main/com/mongodb/async/client/MongoClientSettings.java",
  "originalName": "settings.getCredential()",
  "refactoredName": "credential",
  "type": "MongoCredential",
  "originalPositionList": [
    {
      "charLength": -1,
      "startLineNumber": 109,
      "startColumnNumber": 13,
      "endLineNumber": 111,
      "endColumnNumber": 14
    },
    {
      "charLength": -1,
      "startLineNumber": 110,
      "startColumnNumber": 17,
      "endLineNumber": 110,
      "endColumnNumber": 69
    }
  ],
  "refactoredPositionList": [
    {
      "charLength": -1,
      "startLineNumber": 104,
      "startColumnNumber": 29,
      "endLineNumber": 104,
      "endColumnNumber": 66
    },
    {
      "charLength": -1,
      "startLineNumber": 105,
      "startColumnNumber": 13,
      "endLineNumber": 107,
      "endColumnNumber": 14
    },
    {
      "charLength": -1,
      "startLineNumber": 106,
      "startColumnNumber": 17,
      "endLineNumber": 106,
      "endColumnNumber": 55
    }
  ],
  "Description": "get方法加判空"
}