{
    "id": 1,
    "projectName": "mrniko@netty-socketio",
    "originalCommitID": "692be471248bc6e0db61594d8a32da9cc21f7837",
    "refactoredCommitID": "bcf079eea629aa2b33514a21e2345ec4d61420f5",
    "originalFilePath": "src/main/java/com/corundumstudio/socketio/transport/XHRPollingTransport.java",
    "refactoredFilePath": "src/main/java/com/corundumstudio/socketio/transport/XHRPollingTransport.java",
    "originalName": "xhrClient.getSessionId()",
    "refactoredName": "sessionId",
    "type": "UUID",
    "originalPositionList": [
        {
            "charLength": -1,
            "startLineNumber": 196,
            "startColumnNumber": 13,
            "endLineNumber": 196,
            "endColumnNumber": 63
        }
    ],
    "refactoredPositionList": [
        {
            "charLength": -1,
            "startLineNumber": 196,
            "startColumnNumber": 18,
            "endLineNumber": 196,
            "endColumnNumber": 54
        },
        {
            "charLength": -1,
            "startLineNumber": 198,
            "startColumnNumber": 13,
            "endLineNumber": 198,
            "endColumnNumber": 48
        }
    ],
    "Description": "静态方法，单行表达式，性能"
}