{
    "id": 1,
    "projectName": "mybatis@spring-boot-starter",
    "originalCommitID": "69ceefc3c99524e73c57364bb65b34b56c9cdd8f",
    "refactoredCommitID": "03750bc9ef703868919e46a69d3b2e34b4c95164",
    "originalFilePath": "mybatis-spring-boot-autoconfigure/src/test/java/org/mybatis/spring/boot/autoconfigure/MybatisLanguageDriverAutoConfigurationTest.java",
    "refactoredFilePath": "mybatis-spring-boot-autoconfigure/src/test/java/org/mybatis/spring/boot/autoconfigure/MybatisLanguageDriverAutoConfigurationTest.java",
    "originalName": "config.getUserdirective()",
    "refactoredName": "userDirective",
    "type": "String[]",
    "originalPositionList": [
        {
            "charLength": -1,
            "startLineNumber": 110,
            "startColumnNumber": 7,
            "endLineNumber": 110,
            "endColumnNumber": 56
        }
    ],
    "refactoredPositionList": [
        {
            "charLength": -1,
            "startLineNumber": 111,
            "startColumnNumber": 16,
            "endLineNumber": 111,
            "endColumnNumber": 57
        },
        {
            "charLength": -1,
            "startLineNumber": 112,
            "startColumnNumber": 7,
            "endLineNumber": 112,
            "endColumnNumber": 44
        }
    ],
    "Description": "get 方法"
}