{
    "id": 1,
    "projectName": "mybatis@mybatis-3",
    "originalCommitID": "75e83ba17e9153f61210bbcf69000e4cbb67ca10",
    "refactoredCommitID": "a84ece4f08bb04fa6a5babd800113fe7338a9880",
    "originalFilePath": "src/main/java/org/apache/ibatis/builder/xml/XMLConfigBuilder.java",
    "refactoredFilePath": "src/main/java/org/apache/ibatis/builder/xml/XMLConfigBuilder.java",
    "originalName": "dsFactory.getDataSource()",
    "refactoredName": "dataSource",
    "type": "DataSource",
    "originalPositionList": [
        {
            "charLength": -1,
            "startLineNumber": 196,
            "startColumnNumber": 11,
            "endLineNumber": 199,
            "endColumnNumber": 39
        }
    ],
    "refactoredPositionList": [
        {
            "charLength": -1,
            "startLineNumber": 198,
            "startColumnNumber": 22,
            "endLineNumber": 198,
            "endColumnNumber": 60
        },
        {
            "charLength": -1,
            "startLineNumber": 199,
            "startColumnNumber": 11,
            "endLineNumber": 201,
            "endColumnNumber": 35
        }
    ],
    "Description": "get 单行/换行避免？"
}