{
    "id": 1,
    "projectName": "naman14@Timber",
    "originalCommitID": "4bb77fc17135c1b228ecfac1bd4a942cf79d52d1",
    "refactoredCommitID": "46c32a9f53211ede77321e45cc718d447edc6d08",
    "originalFilePath": "app/src/main/java/com/naman14/timber/fragments/FoldersFragment.java",
    "refactoredFilePath": "app/src/main/java/com/naman14/timber/fragments/FoldersFragment.java",
    "originalName": "getActivity()",
    "refactoredName": "activity",
    "type": "Activity",
    "originalPositionList": [
        {
            "charLength": -1,
            "startLineNumber": 112,
            "startColumnNumber": 13,
            "endLineNumber": 115,
            "endColumnNumber": 14
        }
    ],
    "refactoredPositionList": [
        {
            "charLength": -1,
            "startLineNumber": 115,
            "startColumnNumber": 22,
            "endLineNumber": 115,
            "endColumnNumber": 46
        },
        {
            "charLength": -1,
            "startLineNumber": 116,
            "startColumnNumber": 13,
            "endLineNumber": 119,
            "endColumnNumber": 14
        }
    ],
    "Description": "null 判定 get"
}