{
    "id": 1,
    "projectName": "natario1@CameraView",
    "originalCommitID": "097420a96b3d8f6b43e9f45ea08f97a599034081",
    "refactoredCommitID": "ce9ca643702a803caed1e5d4624ee333ace1530d",
    "originalFilePath": "cameraview/src/main/java/com/otaliastudios/cameraview/engine/Camera1Engine.java",
    "refactoredFilePath": "cameraview/src/main/java/com/otaliastudios/cameraview/engine/Camera1Engine.java",
    "originalName": "getAngles().offset(Reference.SENSOR,Reference.OUTPUT,Axis.RELATIVE_TO_SENSOR)",
    "refactoredName": "rotation",
    "type": "int",
    "originalPositionList": [
        {
            "charLength": -1,
            "startLineNumber": 796,
            "startColumnNumber": 9,
            "endLineNumber": 798,
            "endColumnNumber": 98
        }
    ],
    "refactoredPositionList": [
        {
            "charLength": -1,
            "startLineNumber": 796,
            "startColumnNumber": 13,
            "endLineNumber": 797,
            "endColumnNumber": 41
        },
        {
            "charLength": -1,
            "startLineNumber": 798,
            "startColumnNumber": 9,
            "endLineNumber": 798,
            "endColumnNumber": 94
        }
    ],
    "Description": "长表达式，所在行太长，get型"
}