{
    "id": 1,
    "projectName": "networknt@light-4j",
    "originalCommitID": "75d56a829114f409aadba93eca3870eb982fe6cb",
    "refactoredCommitID": "b4ebfb35e9ea564c4893476f2474fad9af280ff0",
    "originalFilePath": "server/src/main/java/com/networknt/server/Server.java",
    "refactoredFilePath": "server/src/main/java/com/networknt/server/Server.java",
    "originalName": "Undertow.builder()",
    "refactoredName": "builder",
    "type": "Undertow.Builder",
    "originalPositionList": [
        {
            "charLength": -1,
            "startLineNumber": 105,
            "startColumnNumber": 9,
            "endLineNumber": 118,
            "endColumnNumber": 26
        }
    ],
    "refactoredPositionList": [
        {
            "charLength": -1,
            "startLineNumber": 127,
            "startColumnNumber": 26,
            "endLineNumber": 127,
            "endColumnNumber": 54
        },
        {
            "charLength": -1,
            "startLineNumber": 137,
            "startColumnNumber": 9,
            "endLineNumber": 147,
            "endColumnNumber": 26
        }
    ],
    "Description": "静态方法，拿单例，单行过长"
}