{
  "id": 1,
  "projectName": "nextcloud@android",
  "originalCommitID": "ea92f8432cbae6ff49a9bc07706717c5aec901e9",
  "refactoredCommitID": "8cf4ed7b7178691a493f33302ea21db6ac4fa588",
  "originalFilePath": "src/main/java/com/nextcloud/client/network/ConnectivityServiceImpl.java",
  "refactoredFilePath": "src/main/java/com/nextcloud/client/network/ConnectivityServiceImpl.java",
  "originalName": "platformConnectivityManager.getActiveNetwork()",
  "refactoredName": "network",
  "type": "Network",
  "originalPositionList": [
    {
      "charLength": -1,
      "startLineNumber": 103,
      "startColumnNumber": 17,
      "endLineNumber": 104,
      "endColumnNumber": 69
    }
  ],
  "refactoredPositionList": [
    {
      "charLength": -1,
      "startLineNumber": 117,
      "startColumnNumber": 27,
      "endLineNumber": 117,
      "endColumnNumber": 83
    },
    {
      "charLength": -1,
      "startLineNumber": 118,
      "startColumnNumber": 13,
      "endLineNumber": 118,
      "endColumnNumber": 115
    }
  ],
  "Description": "get ，行长度"
}