{
    "id": 1,
    "projectName": "nicolasgramlich@AndEngine",
    "originalCommitID": "a41283d862e51da986e2f03ae8332b8028b19566",
    "refactoredCommitID": "30c6c292720fd8c3e209b9c74f3a270ed1505b75",
    "originalFilePath": "src/org/anddev/andengine/opengl/vbo/VertexBufferObject.java",
    "refactoredFilePath": "src/org/anddev/andengine/opengl/vbo/VertexBufferObjectAttributes.java",
    "originalName": "this.mStride",
    "refactoredName": "stride",
    "type": "int",
    "originalPositionList": [
        {
            "charLength": -1,
            "startLineNumber": 304,
            "startColumnNumber": 6,
            "endLineNumber": 304,
            "endColumnNumber": 75
        }
    ],
    "refactoredPositionList": [
        {
            "charLength": -1,
            "startLineNumber": 47,
            "startColumnNumber": 13,
            "endLineNumber": 47,
            "endColumnNumber": 34
        },
        {
            "charLength": -1,
            "startLineNumber": 51,
            "startColumnNumber": 4,
            "endLineNumber": 51,
            "endColumnNumber": 67
        }
    ],
    "Description": "避免在循环中反复访问成员变量this.mStride，提高了代码的运行效率"
}