{
    "id": 1,
    "projectName": "nostra13@Android-Universal-Image-Loader",
    "originalCommitID": "3acca4ab599a816d88f46d91fd4d325bf08b8c3f",
    "refactoredCommitID": "63c966d908f697c16f62b916f7bf90d208d00975",
    "originalFilePath": "sample/src/main/java/com/nostra13/universalimageloader/sample/ext/OkHttpImageDownloader.java",
    "refactoredFilePath": "sample/src/main/java/com/nostra13/universalimageloader/sample/ext/OkHttpImageDownloader.java",
    "originalName": "client.newCall(request).execute().body()",
    "refactoredName": "responseBody",
    "type": "ResponseBody",
    "originalPositionList": [
        {
            "charLength": -1,
            "startLineNumber": 43,
            "startColumnNumber": 3,
            "endLineNumber": 43,
            "endColumnNumber": 64
        }
    ],
    "refactoredPositionList": [
        {
            "charLength": -1,
            "startLineNumber": 44,
            "startColumnNumber": 16,
            "endLineNumber": 44,
            "endColumnNumber": 71
        },
        {
            "charLength": -1,
            "startLineNumber": 45,
            "startColumnNumber": 3,
            "endLineNumber": 45,
            "endColumnNumber": 55
        }
    ],
    "Description": "长表达式"
}