{
    "id": 1,
    "projectName": "objectbox@objectbox-java",
    "originalCommitID": "3af2836464e8d72f9095e7638d7a555dd8e63888",
    "refactoredCommitID": "c3f999cb23fd7d713f7f0a559a35ad6969b07dbc",
    "originalFilePath": "objectbox-java/src/main/java/io/objectbox/sync/SyncClientImpl.java",
    "refactoredFilePath": "objectbox-java/src/main/java/io/objectbox/sync/SyncClientImpl.java",
    "originalName": "listener",
    "refactoredName": "listenerToFire",
    "type": "SyncClientListener",
    "originalPositionList": [
        {
            "charLength": -1,
            "startLineNumber": 84,
            "startColumnNumber": 21,
            "endLineNumber": 86,
            "endColumnNumber": 22
        },
        {
            "charLength": -1,
            "startLineNumber": 85,
            "startColumnNumber": 25,
            "endLineNumber": 85,
            "endColumnNumber": 52
        }
    ],
    "refactoredPositionList": [
        {
            "charLength": -1,
            "startLineNumber": 86,
            "startColumnNumber": 40,
            "endLineNumber": 86,
            "endColumnNumber": 65
        },
        {
            "charLength": -1,
            "startLineNumber": 87,
            "startColumnNumber": 21,
            "endLineNumber": 89,
            "endColumnNumber": 22
        },
        {
            "charLength": -1,
            "startLineNumber": 88,
            "startColumnNumber": 25,
            "endLineNumber": 88,
            "endColumnNumber": 58
        }
    ],
    "Description": "一个局部变量listenerToFire来保护listener的可见性和线程安全性。listener是一个对象字段，可能会在不同线程中被访问和修改，使用局部变量listenerToFire来保存listener的副本，可以避免在回调方法中直接访问和修改listener时发生线程安全问题。"
}