{
    "id": 1,
    "projectName": "obsidiandynamics@kafdrop",
    "originalCommitID": "7a96ba7ab880b2ea5f4935b924a081bbbc73016f",
    "refactoredCommitID": "c940480cbf410824f6e525827c2f3ab8671a556a",
    "originalFilePath": "src/main/java/com/homeadvisor/kafdrop/service/CuratorKafkaMonitor.java",
    "refactoredFilePath": "src/main/java/com/homeadvisor/kafdrop/service/CuratorKafkaMonitor.java",
    "originalName": "topic.getPartition(partitionId)",
    "refactoredName": "topicPartition",
    "type": "Optional<TopicPartitionVO>",
    "originalPositionList": [
        {
            "charLength": -1,
            "startLineNumber": 405,
            "startColumnNumber": 16,
            "endLineNumber": 405,
            "endColumnNumber": 118
        }
    ],
    "refactoredPositionList": [
        {
            "charLength": -1,
            "startLineNumber": 438,
            "startColumnNumber": 49,
            "endLineNumber": 438,
            "endColumnNumber": 97
        },
        {
            "charLength": -1,
            "startLineNumber": 439,
            "startColumnNumber": 16,
            "endLineNumber": 439,
            "endColumnNumber": 101
        }
    ],
    "Description": "get "
}