{
    "id": 1,
    "projectName": "openaphid@android-flip",
    "originalCommitID": "f05b22180920a7da8920bd422a97f1f5137b4003",
    "refactoredCommitID": "68b1acc243a5fd4eaba3a5704cb8f6b8b6838375",
    "originalFilePath": "FlipView/Demo/src/com/aphidmobile/flip/demo/FlipButtonActivity.java",
    "refactoredFilePath": "FlipView/Demo/src/com/aphidmobile/flip/demo/FlipButtonActivity.java",
    "originalName": "parent.getContext()",
    "refactoredName": "context",
    "type": "Context",
    "originalPositionList": [
        {
            "charLength": -1,
            "startLineNumber": 61,
            "startColumnNumber": 6,
            "endLineNumber": 61,
            "endColumnNumber": 63
        }
    ],
    "refactoredPositionList": [
        {
            "charLength": -1,
            "startLineNumber": 63,
            "startColumnNumber": 20,
            "endLineNumber": 63,
            "endColumnNumber": 49
        },
        {
            "charLength": -1,
            "startLineNumber": 64,
            "startColumnNumber": 6,
            "endLineNumber": 64,
            "endColumnNumber": 51
        }
    ],
    "Description": "get 方法"
}