{
  "id": 1,
  "projectName": "oracle@opengrok",
  "originalCommitID": "18d0c95fea9ac0d098d8b744c93803530edf9775",
  "refactoredCommitID": "7516a8e82680efa05988617e4070ea2db117ca49",
  "originalFilePath": "opengrok-indexer/src/main/java/org/opengrok/indexer/index/IndexDatabase.java",
  "refactoredFilePath": "opengrok-indexer/src/main/java/org/opengrok/indexer/index/IndexDatabase.java",
  "originalName": "iter.term().utf8ToString()",
  "refactoredName": "value",
  "type": "String",
  "originalPositionList": [
    {
      "charLength": -1,
      "startLineNumber": 1372,
      "startColumnNumber": 17,
      "endLineNumber": 1372,
      "endColumnNumber": 69
    }
  ],
  "refactoredPositionList": [
    {
      "charLength": -1,
      "startLineNumber": 1371,
      "startColumnNumber": 24,
      "endLineNumber": 1371,
      "endColumnNumber": 58
    },
    {
      "charLength": -1,
      "startLineNumber": 1377,
      "startColumnNumber": 17,
      "endLineNumber": 1377,
      "endColumnNumber": 48
    }
  ],
  "Description": "utf8ToString() tostring字眼"
}