{
  "id": 1,
  "projectName": "oracle@helidon",
  "originalCommitID": "473f60cc0588be285a44a9bf97a1eb93edd5f1e5",
  "refactoredCommitID": "afd3920ecb334c1d91d94b010bc2759977e04bcc",
  "originalFilePath": "media/common/src/test/java/io/helidon/media/common/ReadableByteChannelPublisherTest.java",
  "refactoredFilePath": "media/common/src/test/java/io/helidon/media/common/ReadableByteChannelPublisherTest.java",
  "originalName": "(i,delay) -> i >= 3 ? -10 : 0",
  "refactoredName": "schema",
  "type": "RetrySchema",
  "originalPositionList": [
    {
      "charLength": -1,
      "startLineNumber": 110,
      "startColumnNumber": 9,
      "endLineNumber": 110,
      "endColumnNumber": 119
    }
  ],
  "refactoredPositionList": [
    {
      "charLength": -1,
      "startLineNumber": 198,
      "startColumnNumber": 21,
      "endLineNumber": 198,
      "endColumnNumber": 60
    },
    {
      "charLength": -1,
      "startLineNumber": 199,
      "startColumnNumber": 9,
      "endLineNumber": 199,
      "endColumnNumber": 95
    }
  ],
  "Description": "一个长lambda表达式，单行也很长"
}