{
  "id": 1,
  "projectName": "oracle@visualvm",
  "originalCommitID": "c55ead84b1888cabcd09943795bfc5a40dbaf030",
  "refactoredCommitID": "c5ed37a8d8a9a4d6e5d5b8de45ef4c956e07f525",
  "originalFilePath": "lib.profiler.ui/src/org/netbeans/lib/profiler/ui/swing/ProfilerTreeTable.java",
  "refactoredFilePath": "lib.profiler.ui/src/org/netbeans/lib/profiler/ui/swing/ProfilerTreeTable.java",
  "originalName": "tree.getPathBounds(path)",
  "refactoredName": "bounds",
  "type": "Rectangle",
  "originalPositionList": [
    {
      "charLength": -1,
      "startLineNumber": 199,
      "startColumnNumber": 30,
      "endLineNumber": 199,
      "endColumnNumber": 76
    }
  ],
  "refactoredPositionList": [
    {
      "charLength": -1,
      "startLineNumber": 203,
      "startColumnNumber": 23,
      "endLineNumber": 203,
      "endColumnNumber": 56
    },
    {
      "charLength": -1,
      "startLineNumber": 204,
      "startColumnNumber": 33,
      "endLineNumber": 204,
      "endColumnNumber": 61
    }
  ],
  "Description": "有个表达式的单行很长，而且是get（XXX），涉及到计算量过程"
}