{
  "id": 1,
  "projectName": "orhanobut@hawk",
  "originalCommitID": "4f0a86e7997cc75758c6041cb93b7f3a8b10666f",
  "refactoredCommitID": "3db756e3a7917a500711f33f2c4f8fc01406288c",
  "originalFilePath": "hawk/src/main/java/com/orhanobut/hawk/Hawk.java",
  "refactoredFilePath": "hawk/src/main/java/com/orhanobut/hawk/Hawk.java",
  "originalName": "new SharedPreferencesStorage(appContext,TAG_CRYPTO)",
  "refactoredName": "cryptoStorage",
  "type": "Storage",
  "originalPositionList": [
    {
      "charLength": -1,
      "startLineNumber": 78,
      "startColumnNumber": 9,
      "endLineNumber": 80,
      "endColumnNumber": 11
    }
  ],
  "refactoredPositionList": [
    {
      "charLength": -1,
      "startLineNumber": 99,
      "startColumnNumber": 17,
      "endLineNumber": 99,
      "endColumnNumber": 85
    },
    {
      "charLength": -1,
      "startLineNumber": 100,
      "startColumnNumber": 9,
      "endLineNumber": 100,
      "endColumnNumber": 79
    }
  ],
  "Description": "单行长度，表达式本身长度"
}