{
  "id": 1,
  "projectName": "orhanobut@dialogplus",
  "originalCommitID": "627e8053b8d7e784642437afccaa8a95bcb58b83",
  "refactoredCommitID": "ef8145b19512e9f9477605089cff12660c671532",
  "originalFilePath": "dialogplus/src/main/java/com/orhanobut/dialogplus/DialogPlus.java",
  "refactoredFilePath": "dialogplus/src/main/java/com/orhanobut/dialogplus/DialogPlus.java",
  "originalName": "viewGroup.getChildCount()",
  "refactoredName": "childCount",
  "type": "int",
  "originalPositionList": [
    {
      "charLength": -1,
      "startLineNumber": 370,
      "startColumnNumber": 13,
      "endLineNumber": 373,
      "endColumnNumber": 14
    }
  ],
  "refactoredPositionList": [
    {
      "charLength": -1,
      "startLineNumber": 373,
      "startColumnNumber": 17,
      "endLineNumber": 373,
      "endColumnNumber": 55
    },
    {
      "charLength": -1,
      "startLineNumber": 374,
      "startColumnNumber": 13,
      "endLineNumber": 377,
      "endColumnNumber": 14
    }
  ],
  "Description": "感觉不大明显，单行有点长了？"
}