{
  "id": 1,
  "projectName": "osmdroid@osmdroid",
  "originalCommitID": "b90ba65f281e8e59abb3f7f0ebeedad6b1b92f55",
  "refactoredCommitID": "f679fa7bcfa42988dc253ee88bf7727367f84695",
  "originalFilePath": "OSMBonusPackDemo/src/com/osmbonuspackdemo/MapActivity.java",
  "refactoredFilePath": "OSMBonusPackDemo/src/com/osmbonuspackdemo/MapActivity.java",
  "originalName": "poiTagText.getText().toString()",
  "refactoredName": "feature",
  "type": "String",
  "originalPositionList": [
    {
      "charLength": -1,
      "startLineNumber": 231,
      "startColumnNumber": 5,
      "endLineNumber": 231,
      "endColumnNumber": 50
    }
  ],
  "refactoredPositionList": [
    {
      "charLength": -1,
      "startLineNumber": 248,
      "startColumnNumber": 12,
      "endLineNumber": 248,
      "endColumnNumber": 53
    },
    {
      "charLength": -1,
      "startLineNumber": 251,
      "startColumnNumber": 5,
      "endLineNumber": 251,
      "endColumnNumber": 26
    }
  ],
  "Description": "含有get，tostring, 有一行使用的地方挺长的"
}