{
  "id": 1,
  "projectName": "pardom-zz@ActiveAndroid",
  "originalCommitID": "201dd49fc077c474d6ceda4e4a7274ffa53b13ac",
  "refactoredCommitID": "8257c878da7c66f72a70863798ecaac86ad81e8e",
  "originalFilePath": "src/com/activeandroid/ActiveRecordBase.java",
  "refactoredFilePath": "src/com/activeandroid/ActiveRecordBase.java",
  "originalName": "null",
  "refactoredName": "value",
  "type": "Object",
  "originalPositionList": [
    {
      "charLength": -1,
      "startLineNumber": 547,
      "startColumnNumber": 6,
      "endLineNumber": 547,
      "endColumnNumber": 30
    }
  ],
  "refactoredPositionList": [
    {
      "charLength": -1,
      "startLineNumber": 530,
      "startColumnNumber": 12,
      "endLineNumber": 530,
      "endColumnNumber": 24
    },
    {
      "charLength": -1,
      "startLineNumber": 586,
      "startColumnNumber": 6,
      "endLineNumber": 586,
      "endColumnNumber": 29
    }
  ],
  "Description": "不是重构，新变量发生修改"
}