{
  "id": 1,
  "projectName": "pedant@sweet-alert-dialog",
  "originalCommitID": "568c1cc6629b8b379d080021d426e585524f7916",
  "refactoredCommitID": "a6071b966c40a2b226aba368f5a3962243958e23",
  "originalFilePath": "src/cn/pedant/SweetAlert/ui/SweetAlertDialog.java",
  "refactoredFilePath": "src/cn/pedant/SweetAlert/ui/SweetAlertDialog.java",
  "originalName": "findViewById(R.id.ok_button)",
  "refactoredName": "okButton",
  "type": "View",
  "originalPositionList": [
    {
      "charLength": -1,
      "startLineNumber": 95,
      "startColumnNumber": 9,
      "endLineNumber": 95,
      "endColumnNumber": 63
    }
  ],
  "refactoredPositionList": [
    {
      "charLength": -1,
      "startLineNumber": 92,
      "startColumnNumber": 14,
      "endLineNumber": 92,
      "endColumnNumber": 53
    },
    {
      "charLength": -1,
      "startLineNumber": 93,
      "startColumnNumber": 9,
      "endLineNumber": 93,
      "endColumnNumber": 43
    }
  ],
  "Description": "不是重构，okButton也是new完之后各种set，最后被使用"
}