{
  "id": 1,
  "projectName": "pedrovgs@DraggablePanel",
  "originalCommitID": "bcb8a96b95647091ea4bd40c9b70c2cdddd03ff1",
  "refactoredCommitID": "bcb29820dfd4dc680ffdec9f209703bc98137fe3",
  "originalFilePath": "sample/src/main/java/com/github/pedrovgs/sample/activity/PlacesSampleActivity.java",
  "refactoredFilePath": "sample/src/main/java/com/github/pedrovgs/sample/activity/PlacesSampleActivity.java",
  "originalName": "new MarkerOptions().position(latitudeLongitude)",
  "refactoredName": "marker",
  "type": "MarkerOptions",
  "originalPositionList": [
    {
      "charLength": -1,
      "startLineNumber": 76,
      "startColumnNumber": 17,
      "endLineNumber": 76,
      "endColumnNumber": 97
    }
  ],
  "refactoredPositionList": [
    {
      "charLength": -1,
      "startLineNumber": 76,
      "startColumnNumber": 31,
      "endLineNumber": 76,
      "endColumnNumber": 87
    },
    {
      "charLength": -1,
      "startLineNumber": 79,
      "startColumnNumber": 17,
      "endLineNumber": 79,
      "endColumnNumber": 56
    }
  ],
  "Description": "不是重构，因为new 了一个对象，然后做了一个建造者模式的过程，完成后使用这个变量，我们对他inline是没有意义的"
}