{
  "id": 2,
  "projectName": "perwendel@spark",
  "originalCommitID": "65cf5d35007de2893ad48de96616d81aaa26ec37",
  "refactoredCommitID": "9c66601003e48cfabb25adf8b8b94e216880ab68",
  "originalFilePath": "src/test/java/spark/RouteImplTest.java",
  "refactoredFilePath": "src/test/java/spark/RouteImplTest.java",
  "originalName": "\"object_value\"",
  "refactoredName": "finalObjValue",
  "type": "String",
  "originalPositionList": [
    {
      "charLength": -1,
      "startLineNumber": 73,
      "startColumnNumber": 9,
      "endLineNumber": 73,
      "endColumnNumber": 53
    },
    {
      "charLength": -1,
      "startLineNumber": 75,
      "startColumnNumber": 9,
      "endLineNumber": 75,
      "endColumnNumber": 78
    }
  ],
  "refactoredPositionList": [
    {
      "charLength": -1,
      "startLineNumber": 72,
      "startColumnNumber": 16,
      "endLineNumber": 72,
      "endColumnNumber": 46
    },
    {
      "charLength": -1,
      "startLineNumber": 74,
      "startColumnNumber": 9,
      "endLineNumber": 74,
      "endColumnNumber": 52
    },
    {
      "charLength": -1,
      "startLineNumber": 76,
      "startColumnNumber": 9,
      "endLineNumber": 76,
      "endColumnNumber": 98
    }
  ],
  "Description": "多次使用，字符串"
}