{
  "id": 1,
  "projectName": "phishman3579@java-algorithms-implementation",
  "originalCommitID": "fa1e73889aa5a9e6039d1ebb7b85abf0a445a291",
  "refactoredCommitID": "8eda0ad0ba1bafad576f5998afdc8dd040936bc3",
  "originalFilePath": "src/com/jwetherell/algorithms/DataStructures.java",
  "refactoredFilePath": "src/com/jwetherell/algorithms/DataStructures.java",
  "originalName": "\"RED\"",
  "refactoredName": "RED",
  "type": "String",
  "originalPositionList": [
    {
      "charLength": -1,
      "startLineNumber": 1338,
      "startColumnNumber": 13,
      "endLineNumber": 1338,
      "endColumnNumber": 84
    }
  ],
  "refactoredPositionList": [
    {
      "charLength": -1,
      "startLineNumber": 1439,
      "startColumnNumber": 26,
      "endLineNumber": 1439,
      "endColumnNumber": 44
    },
    {
      "charLength": -1,
      "startLineNumber": 1447,
      "startColumnNumber": 13,
      "endLineNumber": 1447,
      "endColumnNumber": 84
    }
  ],
  "Description": "类似的修改，附近有很多类似的结构"
}